[{"artist":"J.Paick&K.Turovec","cardClass":"DRUID","collectible":true,"cost":1,"dbfId":47887,"flavor":"Step1:Growgiantevilstrawberry.\nStep2:????\nStep3:RuleAzeroth!","id":"BOT_054","name":"BiologyProject","rarity":"COMMON","set":"BOOMSDAY","text":"Eachplayergains2 ManaCrystals.","type":"SPELL"},{"artist":"JasonKang","cardClass":"DRUID","collectible":true,"cost":4,"dbfId":48524,"flavor":"It'snotjuicyatall.IT'SJUSTMESSINGWITHYOURHEAD.","id":"BOT_404","name":"JuicyPsychmelon","rarity":"EPIC","set":"BOOMSDAY","text":"Drawa7,8,9,and\n10-Costminion\nfromyourdeck.","type":"SPELL"},{"artist":"MattDixon","attack":2,"cardClass":"DRUID","collectible":true,"cost":2,"dbfId":49621,"flavor":"He'steachinghislittlebuddytotalk,butallitsaysis,\"IamGloop.\"","health":3,"id":"BOT_419","mechanics":["BATTLECRY"],"name":"Dendrologist","rarity":"RARE","referencedTags":["DISCOVER"],"set":"BOOMSDAY","text":"<b>Battlecry:</b>IfyoucontrolaTreant,<b>Discover</b>aspell.","type":"MINION"},{"artist":"SamHogg","cardClass":"DRUID","collectible":true,"cost":3,"dbfId":48607,"flavor":"We'llputahappytreerighthere...andgivehimalittlefriend.","id":"BOT_420","name":"Landscaping","playRequirements":{"REQ_NUM_MINION_SLOTS":1},"rarity":"COMMON","set":"BOOMSDAY","text":"Summontwo2/2Treants.","type":"SPELL"},{"artist":"ZoltanBoros","attack":3,"cardClass":"DRUID","collectible":true,"cost":6,"dbfId":48609,"flavor":"ThatracialbonustoHerbalismfinallypaidoff.","health":4,"id":"BOT_422","mechanics":["CHOOSE_ONE"],"name":"TendingTauren","rarity":"RARE","set":"BOOMSDAY","text":"[x]<b>ChooseOne-</b>Giveyour\notherminions+1/+1;\norSummontwo\n2/2Treants.","type":"MINION"},{"artist":"AdamByrne","attack":4,"cardClass":"DRUID","collectible":true,"cost":7,"dbfId":48612,"flavor":"Unlikegnomes,dreampetalsgrowmorethan3feettall.","health":4,"id":"BOT_423","mechanics":["TRIGGER_VISUAL"],"name":"DreampetalFlorist","rarity":"EPIC","set":"BOOMSDAY","text":"Attheendofyourturn,reducetheCostofarandomminioninyourhandby(7).","type":"MINION"},{"artist":"MaxGreck","attack":3,"cardClass":"DRUID","collectible":true,"cost":4,"dbfId":48757,"elite":true,"flavor":"Ofallthescientists,hehasthemostknowledge(whenmeasuredinvolume).","health":4,"id":"BOT_434","name":"FlobbidinousFloop","rarity":"LEGENDARY","set":"BOOMSDAY","text":"Whileinyourhand,thisisa3/4copyofthelastminionyouplayed.","type":"MINION"},{"artist":"ArthurBozonnet","cardClass":"DRUID","collectible":true,"cost":1,"dbfId":48837,"elite":true,"flavor":"HowmuchgloopcouldFloop'sGloopgloopifFloop'sGloop\ncouldgloopgloop?","id":"BOT_444","name":"Floop'sGloriousGloop","rarity":"LEGENDARY","set":"BOOMSDAY","text":"Wheneveraminiondiesthisturn,gain1ManaCrystalthisturnonly.","type":"SPELL"},{"artist":"ArthurBozonnet","attack":4,"cardClass":"DRUID","collectible":true,"cost":8,"dbfId":48744,"flavor":"\"Areyousurethat'senoughgloop?\"\n\"Holdon.\"","health":4,"id":"BOT_507","mechanics":["BATTLECRY"],"name":"GloopSprayer","playRequirements":{"REQ_FRIENDLY_TARGET":0,"REQ_MINION_TARGET":0},"rarity":"COMMON","set":"BOOMSDAY","text":"<b>Battlecry:</b>Summonacopyofeachadjacentminion.","type":"MINION"},{"artist":"MikeSass","attack":8,"cardClass":"DRUID","collectible":true,"cost":10,"dbfId":48831,"flavor":"Thelatestadvancementin\nhippo-botany.","health":8,"id":"BOT_523","mechanics":["RUSH"],"name":"Mulchmuncher","race":"MECHANICAL","rarity":"RARE","set":"BOOMSDAY","text":"<b>Rush</b>.Costs(1)lessforeachfriendlyTreantthatdiedthisgame.","type":"MINION"},{"artist":"DanyOrizio","cardClass":"DRUID","collectible":true,"cost":1,"dbfId":1050,"flavor":"Theclawdecideswhowillstayandwhowillgo.","howToEarn":"UnlockedatLevel1.","howToEarnGolden":"UnlockedatLevel32.","id":"CS2_005","name":"Claw","rarity":"FREE","set":"CORE","text":"Giveyourhero+2 Attackthisturn.Gain2Armor.","type":"SPELL"},{"artist":"CyrilVanDerHaegen","cardClass":"DRUID","collectible":true,"cost":3,"dbfId":773,"flavor":"8Health,nowaiting.","howToEarn":"UnlockedatLevel1.","howToEarnGolden":"UnlockedatLevel15.","id":"CS2_007","name":"HealingTouch","playRequirements":{"REQ_TARGET_TO_PLAY":0},"rarity":"FREE","set":"CORE","text":"Restore#8Health.","type":"SPELL"},{"artist":"RichardWright","cardClass":"DRUID","collectible":true,"cost":0,"dbfId":467,"flavor":"\"CastMoonfire,andneverstop.\"-HowtoBeaDruid,Chapter5,Section3","howToEarn":"UnlockedatLevel6.","howToEarnGolden":"UnlockedatLevel40.","id":"CS2_008","name":"Moonfire","playRequirements":{"REQ_TARGET_TO_PLAY":0},"rarity":"FREE","set":"CORE","text":"Deal$1damage.","type":"SPELL"},{"artist":"BradVancata","cardClass":"DRUID","collectible":true,"cost":2,"dbfId":213,"flavor":"NottobeconfusedwithJimoftheWild.","howToEarn":"UnlockedatLevel1.","howToEarnGolden":"UnlockedatLevel28.","id":"CS2_009","name":"MarkoftheWild","playRequirements":{"REQ_MINION_TARGET":0,"REQ_TARGET_TO_PLAY":0},"rarity":"FREE","referencedTags":["TAUNT"],"set":"CORE","text":"Giveaminion<b>Taunt</b>and+2/+2.<i>\n(+2Attack/+2Health)</i>","type":"SPELL"},{"artist":"GraceLiu","cardClass":"DRUID","collectible":true,"cost":3,"dbfId":742,"flavor":"Whatdotheyroar?Nobodycanquitetell,butitsoundslike\"ElephantMachoBreeze\".It'sprobablynotthat,though.","howToEarn":"UnlockedatLevel4.","howToEarnGolden":"UnlockedatLevel43.","id":"CS2_011","name":"SavageRoar","rarity":"FREE","set":"CORE","text":"Giveyourcharacters+2 Attackthisturn.","type":"SPELL"},{"artist":"SeanO’Daniels","cardClass":"DRUID","collectible":true,"cost":4,"dbfId":64,"flavor":"Whenabearrearsbackandextendshisarms,he'sabouttoSwipe!...orhug.","howToEarn":"UnlockedatLevel8.","howToEarnGolden":"UnlockedatLevel47.","id":"CS2_012","name":"Swipe","playRequirements":{"REQ_ENEMY_TARGET":0,"REQ_TARGET_TO_PLAY":0},"rarity":"FREE","set":"CORE","text":"Deal$4damagetoanenemyand$1damagetoallotherenemies.","type":"SPELL"},{"artist":"JamesRyman","cardClass":"DRUID","collectible":true,"cost":2,"dbfId":1124,"flavor":"GrowyourownmanacrystalswiththisManaCrystalGrowthKit,only39.99!","howToEarn":"UnlockedatLevel1.","howToEarnGolden":"UnlockedatLevel23.","id":"CS2_013","name":"WildGrowth","rarity":"FREE","set":"CORE","text":"GainanemptyManaCrystal.","type":"SPELL"},{"artist":"DaveAllsop","attack":8,"cardClass":"DRUID","collectible":true,"cost":8,"dbfId":205,"flavor":"I<i>dare</i>youtoattackDarnassus.","health":8,"howToEarn":"UnlockedatLevel10.","howToEarnGolden":"UnlockedatLevel49.","id":"CS2_232","mechanics":["TAUNT"],"name":"IronbarkProtector","rarity":"FREE","set":"CORE","text":"<b>Taunt</b>","type":"MINION"},{"artist":"RaymondSwanland","cardClass":"DRUID","collectible":true,"cost":2,"dbfId":836,"flavor":"ThetalkaroundtheRatchetInnisthatthiscardistoogoodandshouldbeaLegendary.","id":"EX1_154","mechanics":["CHOOSE_ONE"],"name":"Wrath","playRequirements":{"REQ_MINION_TARGET":0,"REQ_TARGET_TO_PLAY":0},"rarity":"COMMON","set":"EXPERT1","text":"<b>ChooseOne-</b>\nDeal$3damagetoaminion;or$1damage\nanddrawacard.","type":"SPELL"},{"artist":"ClintLangley","cardClass":"DRUID","collectible":true,"cost":3,"dbfId":151,"flavor":"Druidscallitthe\"MarkofNature.\"Everyoneelsecallsit\"needingabath.\"","id":"EX1_155","mechanics":["CHOOSE_ONE"],"name":"MarkofNature","playRequirements":{"REQ_MINION_TARGET":0,"REQ_TARGET_TO_PLAY":0},"rarity":"COMMON","referencedTags":["TAUNT"],"set":"EXPERT1","text":"<b>ChooseOne-</b>Giveaminion+4Attack;or+4Healthand<b>Taunt</b>.","type":"SPELL"},{"artist":"MarkusErdt","cardClass":"DRUID","collectible":true,"cost":4,"dbfId":381,"flavor":"\"Reforestation\"issuddenlyaterrifyingword.","id":"EX1_158","name":"SouloftheForest","rarity":"COMMON","referencedTags":["DEATHRATTLE"],"set":"EXPERT1","text":"Giveyourminions\"<b>Deathrattle:</b>Summona2/2Treant.\"","type":"SPELL"},{"artist":"SteveTappin","cardClass":"DRUID","collectible":true,"cost":2,"dbfId":503,"flavor":"Neverlookapantherintheeye.Orisit'Alwayslookapantherintheeye'?Well,it'soneofthose.","id":"EX1_160","mechanics":["CHOOSE_ONE"],"name":"PoweroftheWild","rarity":"COMMON","set":"EXPERT1","text":"<b>ChooseOne-</b>Giveyourminions+1/+1;orSummona3/2Panther.","type":"SPELL"},{"artist":"LeoChe","cardClass":"DRUID","collectible":true,"cost":1,"dbfId":233,"flavor":"Anotheronebitesthedust.","id":"EX1_161","name":"Naturalize","playRequirements":{"REQ_MINION_TARGET":0,"REQ_TARGET_TO_PLAY":0},"rarity":"COMMON","set":"EXPERT1","text":"Destroyaminion.\nYouropponentdraws2 cards.","type":"SPELL"},{"artist":"TereseNielsen","cardClass":"DRUID","collectible":true,"cost":5,"dbfId":95,"flavor":"Druidstakenourishmentfrommanythings:thepowerofnature,thesongbird'schirp,achocolatecake.","id":"EX1_164","mechanics":["CHOOSE_ONE"],"name":"Nourish","rarity":"RARE","set":"EXPERT1","text":"<b>ChooseOne-</b>Gain2 ManaCrystals;orDraw3cards.","type":"SPELL"},{"artist":"LucaZontini","attack":4,"cardClass":"DRUID","collectible":true,"cost":5,"dbfId":692,"flavor":"CatorBear?CatorBear?!IjustcannotCHOOSE!","health":4,"id":"EX1_165","mechanics":["CHOOSE_ONE"],"name":"DruidoftheClaw","rarity":"COMMON","referencedTags":["CHARGE","TAUNT"],"set":"EXPERT1","text":"[x]<b>ChooseOne-</b>Transform\nintoa4/4with<b>Charge</b>;\nora4/6with<b>Taunt</b>.","type":"MINION"},{"artist":"GaborSzikszai","attack":2,"cardClass":"DRUID","collectible":true,"cost":4,"dbfId":601,"flavor":"TheseguysjustshowupandstartKeepingyourGroveswithoutevenasking.","health":2,"id":"EX1_166","mechanics":["CHOOSE_ONE"],"name":"KeeperoftheGrove","playRequirements":{"REQ_TARGET_IF_AVAILABLE":0},"rarity":"RARE","referencedTags":["SILENCE"],"set":"EXPERT1","text":"<b>ChooseOne-</b>Deal 2 damage;or<b>Silence</b>aminion.","type":"MINION"},{"artist":"DougAlexander","cardClass":"DRUID","collectible":true,"cost":0,"dbfId":254,"flavor":"Somedruidsstillhaveflashbacksfromstrangersyelling\"Innervateme!!\"atthem.","howToEarn":"UnlockedatLevel1.","howToEarnGolden":"UnlockedatLevel36.","id":"EX1_169","name":"Innervate","rarity":"FREE","set":"CORE","text":"Gain1ManaCrystalthisturnonly.","type":"SPELL"},{"artist":"AlexHorleyOrlandelli","cardClass":"DRUID","collectible":true,"cost":6,"dbfId":823,"flavor":"Balanceisimportanttodruids.Thiscardisperfectlybalanced.","howToEarn":"UnlockedatLevel2.","howToEarnGolden":"UnlockedatLevel45.","id":"EX1_173","name":"Starfire","playRequirements":{"REQ_TARGET_TO_PLAY":0},"rarity":"FREE","set":"CORE","text":"Deal$5damage.\nDrawacard.","type":"SPELL"},{"artist":"SeanO’Daniels","attack":5,"cardClass":"DRUID","collectible":true,"cost":7,"dbfId":1035,"flavor":"YoungNightElveslovetoplay\"WhocangettheAncientofWartoUproot?\"Youloseifyougetcrushedtodeath.","health":5,"id":"EX1_178","mechanics":["CHOOSE_ONE"],"name":"AncientofWar","rarity":"EPIC","referencedTags":["TAUNT"],"set":"EXPERT1","text":"<b>ChooseOne-</b>\n+5Attack;or+5Healthand<b>Taunt</b>.","type":"MINION"},{"artist":"TomBaxa","cardClass":"DRUID","collectible":true,"cost":4,"dbfId":577,"flavor":"Chewyourfood!","id":"EX1_570","name":"Bite","rarity":"RARE","set":"EXPERT1","text":"Giveyourhero+4 Attackthisturn.Gain4Armor.","type":"SPELL"},{"artist":"TrevorJacobs","cardClass":"DRUID","collectible":true,"cost":5,"dbfId":493,"flavor":"\"IthinkI'lljustnapunderthesetrees.Wait...AAAAAHHH!\"-Blinkfizz,theUnfortunateGnome","id":"EX1_571","name":"ForceofNature","playRequirements":{"REQ_NUM_MINION_SLOTS":1},"rarity":"EPIC","set":"EXPERT1","text":"Summonthree2/2Treants.","type":"SPELL"},{"artist":"AlexHorleyOrlandelli","attack":5,"cardClass":"DRUID","collectible":true,"cost":9,"dbfId":36,"elite":true,"flavor":"Yes,he'sademigod.No,hedoesn'tneedtowearashirt.","health":8,"id":"EX1_573","mechanics":["CHOOSE_ONE"],"name":"Cenarius","rarity":"LEGENDARY","referencedTags":["TAUNT"],"set":"EXPERT1","text":"<b>ChooseOne-</b>Giveyourotherminions+2/+2;orSummontwo2/2Treantswith<b>Taunt</b>.","type":"MINION"},{"artist":"DaveRapoza","cardClass":"DRUID","collectible":true,"cost":1,"dbfId":481,"flavor":"Itistruethatsomedruidsaresavage,butothersstillenjoyaquietmomentandaspotoftea.","id":"EX1_578","mechanics":["AFFECTED_BY_SPELL_POWER"],"name":"Savagery","playRequirements":{"REQ_MINION_TARGET":0,"REQ_TARGET_TO_PLAY":0},"rarity":"RARE","set":"EXPERT1","text":"Dealdamageequaltoyourhero'sAttacktoaminion.","type":"SPELL"},{"artist":"JerryMascho","attack":2,"cardClass":"DRUID","collectible":true,"cost":5,"dbfId":46680,"flavor":"Majestic.Ethereal.Stillprettydowninthedumps,though.","health":6,"id":"GIL_130","mechanics":["BATTLECRY","TAUNT"],"name":"GloomStag","race":"BEAST","rarity":"EPIC","set":"GILNEAS","text":"<b>Taunt</b>\n<b>Battlecry:</b>Ifyourdeckhasonlyodd-Costcards,gain+2/+2.","type":"MINION"},{"artist":"LukeMancini","attack":2,"cardClass":"DRUID","collectible":true,"cost":3,"dbfId":46859,"flavor":"She'sascytheforsoreeyes.","health":2,"id":"GIL_188","mechanics":["CHOOSE_ONE"],"name":"DruidoftheScythe","rarity":"COMMON","referencedTags":["RUSH","TAUNT"],"set":"GILNEAS","text":"[x]<b>ChooseOne-</b>Transform\nintoa4/2with<b>Rush</b>;\nora2/4with<b>Taunt</b>.","type":"MINION"},{"artist":"L.Lullabi&K.Turovec","attack":4,"cardClass":"DRUID","collectible":true,"cost":5,"dbfId":46903,"flavor":"Amwitched.Beingwitched.Beenwitched.","health":1,"id":"GIL_507","mechanics":["BATTLECRY","TAUNT"],"name":"BewitchedGuardian","rarity":"RARE","set":"GILNEAS","text":"[x]<b>Taunt</b>\n<b>Battlecry:</b>Gain+1Health\n foreachcardinyourhand. ","type":"MINION"},{"artist":"MaxGrecke","cardClass":"DRUID","collectible":true,"cost":4,"dbfId":47063,"flavor":"Wedidn'tactuallyfiretheguywhonamedDarkWispers.","id":"GIL_553","name":"WisperingWoods","rarity":"EPIC","set":"GILNEAS","text":"[x]Summona1/1Wispfor\neachcardinyourhand.","type":"SPELL"},{"artist":"MauricioHerrera","cardClass":"DRUID","collectible":true,"cost":3,"dbfId":47117,"flavor":"ThegatestotheGilneanpetcemetaryMUSTremainlockedatalltimes.","id":"GIL_571","name":"WitchingHour","playRequirements":{"REQ_FRIENDLY_MINIONS_OF_RACE_DIED_THIS_GAME":20,"REQ_NUM_MINION_SLOTS":1},"rarity":"RARE","set":"GILNEAS","text":"SummonarandomfriendlyBeastthatdiedthisgame.","type":"SPELL"},{"artist":"MauricioHerrera","cardClass":"DRUID","collectible":true,"cost":3,"dbfId":47423,"flavor":"Haveyoueverheardthewolfcrytothebluecornmoon?","id":"GIL_637","name":"FerociousHowl","playRequirements":{"REQ_MINION_TARGET":0},"rarity":"COMMON","set":"GILNEAS","text":"Drawacard.\nGain1Armorforeachcardinyourhand.","type":"SPELL"},{"artist":"CraigElliott","attack":8,"cardClass":"DRUID","collectible":true,"cost":8,"dbfId":47520,"elite":true,"flavor":"We'regoingtoneedsomebiggertweezers.","health":8,"id":"GIL_658","mechanics":["BATTLECRY"],"name":"Splintergraft","playRequirements":{"REQ_FRIENDLY_TARGET":0,"REQ_MINION_TARGET":0,"REQ_TARGET_IF_AVAILABLE":0},"rarity":"LEGENDARY","set":"GILNEAS","targetingArrowText":"Adda10/10copytoyourhand.","text":"[x]<b>Battlecry:</b>Chooseafriendly\nminion.Adda10/10copyto\nyourhandthatcosts(10).","type":"MINION"},{"artist":"VladBotos","cardClass":"DRUID","collectible":true,"cost":2,"dbfId":47553,"flavor":"Anappleadaykeepstheworgenatbay.","id":"GIL_663","name":"WitchwoodApple","rarity":"COMMON","set":"GILNEAS","text":"Addthree2/2Treantstoyourhand.","type":"SPELL"},{"artist":"GlennRane","attack":3,"cardClass":"DRUID","collectible":true,"cost":5,"dbfId":47819,"elite":true,"flavor":"Someonecalledher\"Tweety\".Shedidn'ttakeitwell.","health":7,"id":"GIL_800","mechanics":["AURA"],"name":"DuskfallenAviana","rarity":"LEGENDARY","set":"GILNEAS","text":"Oneachplayer'sturn,thefirstcardplayedcosts(0).","type":"MINION"},{"artist":"HideakiTakamura","attack":1,"cardClass":"DRUID","collectible":true,"cost":4,"dbfId":48286,"flavor":"\"Justsignthiswaiver,andwe'llbeonourway.\"","health":6,"id":"GIL_833","mechanics":["TRIGGER_VISUAL"],"name":"ForestGuide","rarity":"RARE","set":"GILNEAS","text":"Attheendofyourturn,bothplayersdrawacard.","type":"MINION"},{"artist":"DanScott","attack":5,"cardClass":"DRUID","collectible":true,"cost":5,"dbfId":42615,"flavor":"Herclothing?Puresilk,ofcourse.","health":3,"id":"ICC_047","mechanics":["CHOOSE_ONE"],"name":"Fatespinner","rarity":"EPIC","referencedTags":["DEATHRATTLE"],"set":"ICECROWN","text":"<b>ChooseaDeathrattle(Secretly)-</b>Deal3damagetoallminions;orGivethem+2/+2.","type":"MINION"},{"artist":"MattDixon","cardClass":"DRUID","collectible":true,"cost":5,"dbfId":42649,"flavor":"O,whatatangledwebweweave,hopingspidersdodgethecleave.","id":"ICC_050","name":"Webweave","playRequirements":{"REQ_NUM_MINION_SLOTS":1},"rarity":"COMMON","referencedTags":["POISONOUS"],"set":"ICECROWN","text":"Summontwo1/2<b>Poisonous</b>Spiders.","type":"SPELL"},{"artist":"ZoltanBoros","attack":1,"cardClass":"DRUID","collectible":true,"cost":2,"dbfId":42651,"flavor":"TheDruidawokefromtroublingdreamstofindherselftransformedintoagiantspider.","health":2,"id":"ICC_051","mechanics":["CHOOSE_ONE"],"name":"DruidoftheSwarm","rarity":"RARE","referencedTags":["POISONOUS","TAUNT"],"set":"ICECROWN","text":"<b>ChooseOne-</b>Transformintoa1/2with<b>Poisonous</b>;ora1/5with<b>Taunt</b>.","type":"MINION"},{"artist":"AlexAlexandrov","cardClass":"DRUID","collectible":true,"cost":6,"dbfId":42656,"flavor":"Inthepast,plagueswerespreadbymiceorfleas.Thesedaysthey'respreadbyelves.","id":"ICC_054","name":"SpreadingPlague","playRequirements":{"REQ_NUM_MINION_SLOTS":1},"rarity":"RARE","referencedTags":["TAUNT"],"set":"ICECROWN","text":"Summona1/5Scarabwith<b>Taunt</b>.Ifyour opponenthasmoreminions,castthisagain.","type":"SPELL"},{"artist":"PhilSaunders","cardClass":"DRUID","collectible":true,"cost":3,"dbfId":42748,"flavor":"It'srudetognashwithyourmouthopen.","id":"ICC_079","name":"Gnash","playRequirements":{"REQ_MINION_TARGET":0},"rarity":"COMMON","set":"ICECROWN","text":"Giveyourhero+3 Attackthisturn.Gain3Armor.","type":"SPELL"},{"artist":"SlawomirManiak","cardClass":"DRUID","collectible":true,"cost":10,"dbfId":42759,"flavor":"Ghoulsinthepipe,fivebyfive.","id":"ICC_085","name":"UltimateInfestation","playRequirements":{"REQ_TARGET_TO_PLAY":0},"rarity":"EPIC","set":"ICECROWN","text":"[x]Deal$5damage.Draw\n5cards.Gain5Armor.\nSummona5/5Ghoul.","type":"SPELL"},{"artist":"JamesRyman","attack":2,"cardClass":"DRUID","collectible":true,"cost":4,"dbfId":43022,"flavor":"Itisn't\"graverobbing\"whenthere'snograve.It'sjustscavenging…","health":3,"id":"ICC_807","mechanics":["BATTLECRY"],"name":"StrongshellScavenger","rarity":"RARE","referencedTags":["TAUNT"],"set":"ICECROWN","text":"<b>Battlecry:</b>Giveyour<b>Taunt</b>minions+2/+2.","type":"MINION"},{"artist":"KonstaninTurovec","attack":1,"cardClass":"DRUID","collectible":true,"cost":3,"dbfId":43025,"flavor":"Theoriginalfifthbeetle!","health":6,"id":"ICC_808","mechanics":["TAUNT","TRIGGER_VISUAL"],"name":"CryptLord","rarity":"COMMON","set":"ICECROWN","text":"[x]<b>Taunt</b>\nAfteryousummonaminion,\ngain+1Health.","type":"MINION"},{"armor":5,"artist":"AlexHorleyOrlandelli","cardClass":"DRUID","collectible":true,"cost":7,"dbfId":43417,"elite":true,"flavor":"\"Cenariusoncetaughtmeabouttheprecariousbalancebetweenlifeanddeath.Ihavecometounderstand:thereISnobalance.Deathalwayswins.\"","health":30,"id":"ICC_832","mechanics":["CHOOSE_ONE"],"name":"MalfurionthePestilent","rarity":"LEGENDARY","referencedTags":["POISONOUS","TAUNT"],"set":"ICECROWN","text":"[x]<b>ChooseOne-</b>\nSummon2<b>Poisonous</b>\nSpiders;or2Scarabs\nwith<b>Taunt</b>.","type":"HERO"},{"artist":"ZoltanBoros","attack":3,"cardClass":"DRUID","collectible":true,"cost":9,"dbfId":43439,"elite":true,"flavor":"TheviziersofAzjol-NerubreleasedHadronoxasalast-ditchefforttoholdbacktheLichKing.TheydidsobyVERYcarefullyscoopinghimupinaLARGEnewspaperandreleasinghim.","health":7,"id":"ICC_835","mechanics":["DEATHRATTLE"],"name":"Hadronox","race":"BEAST","rarity":"LEGENDARY","referencedTags":["TAUNT"],"set":"ICECROWN","text":"<b>Deathrattle:</b>Summonyour<b>Taunt</b>minionsthat\ndiedthisgame.","type":"MINION"},{"artist":"LucasGraciano","cardClass":"DRUID","collectible":true,"cost":1,"dbfId":43282,"flavor":"Makelikeatree…andgainarmor.","id":"LOOT_047","name":"Barkskin","playRequirements":{"REQ_MINION_TARGET":0,"REQ_TARGET_TO_PLAY":0},"rarity":"COMMON","set":"LOOTAPALOOZA","text":"Giveaminion+3Health.Gain3Armor.","type":"SPELL"},{"artist":"L.Lullabi&K.Turovec","attack":3,"cardClass":"DRUID","collectible":true,"cost":4,"dbfId":43284,"flavor":"Marketedasa\"rust-proofirongolem.\"","health":6,"id":"LOOT_048","mechanics":["TAUNT"],"name":"IronwoodGolem","rarity":"COMMON","set":"LOOTAPALOOZA","text":"<b>Taunt</b>\nCanonlyattackifyouhave3ormoreArmor.","type":"MINION"},{"artist":"JimNelson","cardClass":"DRUID","collectible":true,"collectionText":"Deal$2damagetoaminion.<i>(Gain3Armortoupgrade.)</i>","cost":1,"dbfId":43288,"flavor":"Inancientwoods,elvesfoughtthecurse\nThedemon’sshadowtodisperse\nButhatredragedandfrailsoulsturned\nNowhornedandhoovedtheirforestsburned.","id":"LOOT_051","name":"LesserJasperSpellstone","playRequirements":{"REQ_MINION_TARGET":0,"REQ_TARGET_TO_PLAY":0},"rarity":"RARE","set":"LOOTAPALOOZA","text":"Deal$2damagetoaminion.@<i>(Gain3Armortoupgrade.)</i>","type":"SPELL"},{"artist":"MattDixon","cardClass":"DRUID","collectible":true,"cost":4,"dbfId":43294,"entourage":["LOOT_054d","LOOT_054b","LOOT_054c"],"flavor":"Threepathsdivergedinadarkenedhall,andI–\nItooktheonelesstraveledby,\nAndgoteatenbyaslime.","id":"LOOT_054","name":"BranchingPaths","rarity":"EPIC","set":"LOOTAPALOOZA","text":"[x]<b>ChooseTwice-</b>Drawa\ncard;Giveyourminions\n+1Attack;Gain6Armor.","type":"SPELL"},{"artist":"TylerWestStudios","attack":3,"cardClass":"DRUID","collectible":true,"cost":4,"dbfId":43304,"flavor":"Astralkittylitterissurprisinglyhardtofind.","health":5,"id":"LOOT_056","mechanics":["DEATHRATTLE"],"name":"AstralTiger","rarity":"EPIC","set":"LOOTAPALOOZA","text":"<b>Deathrattle:</b>Shufflea\ncopyofthisminioninto your deck.","type":"MINION"},{"artist":"KonstantinTurovec","cardClass":"DRUID","collectible":true,"cost":4,"dbfId":45828,"flavor":"TheGuildusedoaktreesuntiltheyallturnedtoash.","id":"LOOT_309","name":"OakenSummons","rarity":"COMMON","referencedTags":["RECRUIT"],"set":"LOOTAPALOOZA","text":"Gain6Armor.\n<b>Recruit</b>aminionthatcosts(4)orless.","type":"SPELL"},{"artist":"AlexeyAparin","attack":3,"cardClass":"DRUID","collectible":true,"cost":8,"dbfId":45835,"flavor":"Favoritesandwich?Grizzledcheese.","health":5,"id":"LOOT_314","mechanics":["DEATHRATTLE","TAUNT"],"name":"GrizzledGuardian","race":"BEAST","rarity":"RARE","referencedTags":["RECRUIT"],"set":"LOOTAPALOOZA","text":"<b>Taunt</b>\n<b>Deathrattle:</b><b>Recruit</b>2 minionsthatcost(4) or less.","type":"MINION"},{"artist":"JamesRyman","attack":2,"cardClass":"DRUID","collectible":true,"cost":5,"dbfId":45859,"elite":true,"flavor":"WesuggestcraftingIxlid;he'llgrowonyou.Literally.","health":4,"id":"LOOT_329","mechanics":["TRIGGER_VISUAL"],"name":"Ixlid,FungalLord","rarity":"LEGENDARY","set":"LOOTAPALOOZA","text":"Afteryouplayaminion,summonacopyofit.","type":"MINION"},{"artist":"L.Lullabi&K.Turovec","attack":3,"cardClass":"DRUID","collectible":true,"cost":3,"dbfId":45945,"flavor":"Sparkliestofthesevendeadlysprites.","health":1,"id":"LOOT_351","mechanics":["DEATHRATTLE"],"name":"GreedySprite","rarity":"RARE","set":"LOOTAPALOOZA","text":"<b>Deathrattle:</b>GainanemptyManaCrystal.","type":"MINION"},{"artist":"AlexeyAparin","attack":1,"cardClass":"DRUID","collectible":true,"cost":4,"dbfId":46107,"durability":5,"elite":true,"flavor":"Fordruidswhowanttobranchout.","id":"LOOT_392","mechanics":["DEATHRATTLE"],"name":"TwigoftheWorldTree","rarity":"LEGENDARY","set":"LOOTAPALOOZA","text":"<b>Deathrattle:</b>Gain10ManaCrystals.","type":"WEAPON"},{"artist":"RichardWright","cardClass":"DRUID","collectible":true,"cost":5,"dbfId":86,"flavor":"Istheskyfalling?Yes.Yesitis.","id":"NEW1_007","mechanics":["CHOOSE_ONE"],"name":"Starfall","playRequirements":{"REQ_MINION_TARGET":0,"REQ_TARGET_IF_AVAILABLE":0},"rarity":"RARE","set":"EXPERT1","text":"<b>ChooseOne-</b>\nDeal$5damagetoaminion;or$2damagetoallenemyminions.","type":"SPELL"},{"artist":"PatrikHjelm","attack":5,"cardClass":"DRUID","collectible":true,"cost":7,"dbfId":920,"flavor":"Goahead,carveyourinitialsinhim.","health":5,"id":"NEW1_008","mechanics":["CHOOSE_ONE"],"name":"AncientofLore","playRequirements":{"REQ_TARGET_IF_AVAILABLE":0},"rarity":"EPIC","set":"EXPERT1","text":"<b>ChooseOne-</b>Drawacard;orRestore#5Health.","type":"MINION"},{"artist":"JerryMascho","attack":2,"cardClass":"DRUID","collectible":true,"cost":2,"dbfId":41252,"flavor":"IntheTortollantongue,Un’goroisknownasthe“LandoftheLostandFound.”","health":2,"id":"UNG_078","mechanics":["BATTLECRY"],"name":"TortollanForager","rarity":"COMMON","set":"UNGORO","text":"<b>Battlecry:</b>Addarandomminionwith5ormoreAttacktoyourhand.","type":"MINION"},{"artist":"AlexHorleyOrlandelli","attack":5,"cardClass":"DRUID","collectible":true,"cost":7,"dbfId":41262,"flavor":"Mustbesomethingitate.","health":3,"id":"UNG_086","mechanics":["DEATHRATTLE"],"name":"GiantAnaconda","race":"BEAST","rarity":"EPIC","set":"UNGORO","text":"<b>Deathrattle:</b>Summonaminionfromyourhandwith5ormoreAttack.","type":"MINION"},{"artist":"ZoltanBoros","attack":5,"cardClass":"DRUID","collectible":true,"cost":5,"dbfId":40971,"flavor":"Alwaysstickingitsneckintootherpeople’sbusiness.","health":4,"id":"UNG_100","mechanics":["BATTLECRY"],"name":"VerdantLongneck","race":"BEAST","rarity":"COMMON","referencedTags":["ADAPT"],"set":"UNGORO","text":"<b>Battlecry:</b><b>Adapt</b>.","type":"MINION"},{"artist":"MattDixon","attack":3,"cardClass":"DRUID","collectible":true,"cost":4,"dbfId":40973,"flavor":"MasteroftheThreeShellMonte.","health":3,"id":"UNG_101","mechanics":["CHOOSE_ONE"],"name":"Shellshifter","rarity":"RARE","referencedTags":["STEALTH","TAUNT"],"set":"UNGORO","text":"[x]<b>ChooseOne-</b>Transform\nintoa5/3with<b>Stealth</b>;\nora3/5with<b>Taunt</b>.","type":"MINION"},{"artist":"GraceLiu","cardClass":"DRUID","collectible":true,"cost":4,"dbfId":40991,"flavor":"Themostpowerfulmushroomsarecommonlyfoundinboxesmarkedwith\"?\".","id":"UNG_103","name":"EvolvingSpores","rarity":"RARE","referencedTags":["ADAPT"],"set":"UNGORO","text":"<b>Adapt</b>yourminions.","type":"SPELL"},{"artist":"MikeAzevedo","cardClass":"DRUID","collectible":true,"cost":1,"dbfId":41081,"flavor":"YoucanmakeyourownEarthenScalesathome.Step1:Rollaroundinthedirt.Step2:Magic.","id":"UNG_108","name":"EarthenScales","playRequirements":{"REQ_FRIENDLY_TARGET":0,"REQ_MINION_TARGET":0,"REQ_TARGET_TO_PLAY":0},"rarity":"RARE","set":"UNGORO","targetingArrowText":"Give+1/+1.","text":"Giveafriendlyminion+1/+1,thengainArmorequaltoitsAttack.","type":"SPELL"},{"artist":"TrentKaniuga","attack":5,"cardClass":"DRUID","collectible":true,"cost":3,"dbfId":41086,"entourage":["UNG_999t10","UNG_999t2","UNG_999t3","UNG_999t4","UNG_999t5","UNG_999t6","UNG_999t7","UNG_999t8","UNG_999t13","UNG_999t14"],"flavor":"Andsothebartendersays,“Whythelongneck?”","health":1,"id":"UNG_109","mechanics":["BATTLECRY"],"name":"ElderLongneck","race":"BEAST","rarity":"COMMON","referencedTags":["ADAPT"],"set":"UNGORO","text":"<b>Battlecry:</b>Ifyou'reholdingaminionwith5ormoreAttack,<b>Adapt</b>.","type":"MINION"},{"artist":"MattGaser","cardClass":"DRUID","collectible":true,"cost":5,"dbfId":41094,"flavor":"Ifyoutrulyloveyourmana,setitfree.","id":"UNG_111","name":"LivingMana","rarity":"EPIC","set":"UNGORO","text":"TransformyourManaCrystalsinto2/2Treants.Recoverthemanawhentheydie.","type":"SPELL"},{"artist":"KonstantinTurovec","cardClass":"DRUID","collectible":true,"cost":1,"dbfId":41099,"elite":true,"flavor":"FormingtheGolakkaCraterwastheendofBarnabus'disastrouscareerasadancer.","id":"UNG_116","mechanics":["QUEST"],"name":"JungleGiants","questReward":"UNG_116t","rarity":"LEGENDARY","set":"UNGORO","text":"[x]<b>Quest:</b>Summon\n5minionswith\n5ormoreAttack.\n<b>Reward:</b>Barnabus.","type":"SPELL"},{"artist":"ChrisRahn","attack":12,"cardClass":"DRUID","collectible":true,"cost":10,"dbfId":41954,"elite":true,"flavor":"MillenniaofevolutionarypressuresturnedhisspeciesintotheFaerieDragonsweknowtoday.","health":12,"id":"UNG_852","mechanics":["CANT_BE_TARGETED_BY_SPELLS","CANT_BE_TARGETED_BY_HERO_POWERS"],"name":"Tyrantus","race":"BEAST","rarity":"LEGENDARY","set":"UNGORO","text":"Can'tbetargetedbyspellsorHeroPowers.","type":"MINION"}]