[{"artist":"AlexHorleyOrlandelli","cardClass":"HUNTER","collectible":true,"cost":2,"dbfId":47840,"flavor":"Methrowface.","id":"BOT_033","mechanics":["AFFECTED_BY_SPELL_POWER"],"name":"BombToss","playRequirements":{"REQ_TARGET_TO_PLAY":0},"rarity":"COMMON","set":"BOOMSDAY","text":"Deal$2damage.Summona0/2Goblin Bomb.","type":"SPELL"},{"artist":"JomaroKindred","attack":5,"cardClass":"HUNTER","collectible":true,"cost":7,"dbfId":47841,"elite":true,"flavor":"Everygoodplanrequiresabitofpatience.Andalotofexplosives.","health":5,"id":"BOT_034","mechanics":["BATTLECRY"],"name":"BoommasterFlark","rarity":"LEGENDARY","set":"BOOMSDAY","text":"<b>Battlecry:</b>Summonfour0/2GoblinBombs.","type":"MINION"},{"artist":"TylerWalpole","attack":2,"cardClass":"HUNTER","collectible":true,"cost":2,"dbfId":47842,"flavor":"Keepsgettingbannedfortoxicbehavior.","health":2,"id":"BOT_035","mechanics":["MODULAR","POISONOUS"],"name":"Venomizer","race":"MECHANICAL","rarity":"COMMON","set":"BOOMSDAY","text":"<b>Magnetic</b>\n<b>Poisonous</b>","type":"MINION"},{"artist":"StevePrescott","attack":2,"cardClass":"HUNTER","collectible":true,"cost":2,"dbfId":47855,"flavor":"Shelearnsbytrialanderror.Mostlyerror.","health":1,"id":"BOT_038","mechanics":["BATTLECRY"],"name":"FireworksTech","playRequirements":{"REQ_FRIENDLY_TARGET":0,"REQ_MINION_TARGET":0,"REQ_TARGET_IF_AVAILABLE":0,"REQ_TARGET_WITH_RACE":17},"rarity":"RARE","referencedTags":["DEATHRATTLE"],"set":"BOOMSDAY","text":"<b>Battlecry:</b>Giveafriendly\nMech+1/+1.Ifithas\n<b>Deathrattle</b>,triggerit.","type":"MINION"},{"artist":"DanyOrizio","attack":3,"cardClass":"HUNTER","collectible":true,"cost":5,"dbfId":47856,"flavor":"Ifatfirstyoudon'tsucceed,die,dieagain.","health":6,"id":"BOT_039","mechanics":["AURA"],"name":"Necromechanic","rarity":"EPIC","referencedTags":["DEATHRATTLE"],"set":"BOOMSDAY","text":"Your<b>Deathrattles</b>triggertwice.","type":"MINION"},{"artist":"NicolaSaviori","attack":2,"cardClass":"HUNTER","collectible":true,"cost":3,"dbfId":48185,"flavor":"Wrecksadude,anysize.Catchesthieves,eatsthoseguys.Lookout!HerecomesaSpiderBomb!","health":2,"id":"BOT_251","mechanics":["DEATHRATTLE","MODULAR"],"name":"SpiderBomb","race":"MECHANICAL","rarity":"RARE","set":"BOOMSDAY","text":"<b>Magnetic</b>\n<b>Deathrattle:</b>Destroyarandom enemy minion.","type":"MINION"},{"artist":"AntonZemskov","cardClass":"HUNTER","collectible":true,"cost":1,"dbfId":48519,"flavor":"Thesecretis...Thereisnoplan!","id":"BOT_402","name":"SecretPlan","rarity":"COMMON","referencedTags":["DISCOVER","SECRET"],"set":"BOOMSDAY","text":"<b>Discover</b>a<b>Secret</b>.","type":"SPELL"},{"artist":"JimNelson","cardClass":"HUNTER","collectible":true,"cost":8,"dbfId":48670,"elite":true,"flavor":"ItusedtobeaBa-zookabutweranoutofsheep.","id":"BOT_429","name":"Flark'sBoom-Zooka","playRequirements":{"REQ_NUM_MINION_SLOTS":1},"rarity":"LEGENDARY","set":"BOOMSDAY","text":"[x]Summon3minionsfrom\nyourdeck.Theyattack\nenemyminions,thendie.","type":"SPELL"},{"artist":"MikeAzevedo","cardClass":"HUNTER","collectible":true,"cost":2,"dbfId":48770,"flavor":"\"Haha!Glorklooksridiculous!...Glork?Glork?\"","id":"BOT_437","name":"GoblinPrank","playRequirements":{"REQ_FRIENDLY_TARGET":0,"REQ_MINION_TARGET":0,"REQ_TARGET_TO_PLAY":0},"rarity":"EPIC","referencedTags":["RUSH"],"set":"BOOMSDAY","text":"Giveafriendlyminion+3/+3and<b>Rush</b>.It diesatendofturn.","type":"SPELL"},{"artist":"GarrettHanna","cardClass":"HUNTER","collectible":true,"cost":2,"dbfId":48772,"flavor":"GoesgreatwithCyber-Salsa.","id":"BOT_438","name":"CybertechChip","rarity":"RARE","referencedTags":["DEATHRATTLE"],"set":"BOOMSDAY","text":"Giveyourminions\"<b>Deathrattle:</b>AddarandomMechtoyour hand.\"","type":"SPELL"},{"artist":"JimmyLo","cardClass":"HUNTER","collectible":true,"cost":1,"dbfId":141,"flavor":"Neverplay'HideandGoSeek'withaHunter.","howToEarn":"UnlockedatLevel6.","howToEarnGolden":"UnlockedatLevel40.","id":"CS2_084","name":"Hunter'sMark","playRequirements":{"REQ_MINION_TARGET":0,"REQ_TARGET_TO_PLAY":0},"rarity":"FREE","set":"CORE","text":"Changeaminion'sHealthto1.","type":"SPELL"},{"artist":"BernieKang","attack":3,"cardClass":"HUNTER","collectible":true,"cost":5,"dbfId":1241,"flavor":"Ifyoufeedhim,heloseshiswhole<i>identity</i>.","health":2,"howToEarn":"UnlockedatLevel4.","howToEarnGolden":"UnlockedatLevel47.","id":"CS2_237","mechanics":["TRIGGER_VISUAL"],"name":"StarvingBuzzard","race":"BEAST","rarity":"FREE","set":"CORE","text":"WheneveryousummonaBeast,drawacard.","type":"MINION"},{"artist":"DanBrereton","attack":4,"cardClass":"HUNTER","collectible":true,"cost":4,"dbfId":1003,"flavor":"\"Wholetthedogsout?\"heasks.It'srhetorical.","health":3,"howToEarn":"UnlockedatLevel1.","howToEarnGolden":"UnlockedatLevel28.","id":"DS1_070","mechanics":["BATTLECRY"],"name":"Houndmaster","playRequirements":{"REQ_FRIENDLY_TARGET":0,"REQ_TARGET_IF_AVAILABLE":0,"REQ_TARGET_WITH_RACE":20},"rarity":"FREE","referencedTags":["TAUNT"],"set":"CORE","targetingArrowText":"GiveaBeast+2/+2andTaunt.","text":"<b>Battlecry:</b>GiveafriendlyBeast+2/+2and<b>Taunt</b>.","type":"MINION"},{"artist":"MalcolmDavis","attack":1,"cardClass":"HUNTER","collectible":true,"cost":1,"dbfId":606,"flavor":"Otherbeaststotallydighangingoutwithtimberwolves.","health":1,"howToEarn":"UnlockedatLevel1.","howToEarnGolden":"UnlockedatLevel23.","id":"DS1_175","mechanics":["AURA"],"name":"TimberWolf","race":"BEAST","rarity":"FREE","set":"CORE","text":"YourotherBeastshave+1 Attack.","type":"MINION"},{"artist":"LarsGrant-West","attack":2,"cardClass":"HUNTER","collectible":true,"cost":5,"dbfId":699,"flavor":"Tundrarhinosareoftenmistakenforkodos.OramImistaken?","health":5,"howToEarn":"UnlockedatLevel8.","howToEarnGolden":"UnlockedatLevel43.","id":"DS1_178","mechanics":["AURA"],"name":"TundraRhino","race":"BEAST","rarity":"FREE","referencedTags":["CHARGE"],"set":"CORE","text":"YourBeastshave<b>Charge</b>.","type":"MINION"},{"artist":"BenjaminZhang","cardClass":"HUNTER","collectible":true,"cost":4,"dbfId":292,"flavor":"Yousee,it'sallabout<i>throughput</i>.","howToEarn":"UnlockedatLevel1.","howToEarnGolden":"UnlockedatLevel36.","id":"DS1_183","name":"Multi-Shot","playRequirements":{"REQ_MINIMUM_ENEMY_MINIONS":2},"rarity":"FREE","set":"CORE","text":"Deal$3damagetotworandomenemyminions.","type":"SPELL"},{"artist":"MauroCascioli","cardClass":"HUNTER","collectible":true,"cost":1,"dbfId":1047,"flavor":"Forthepersonwhojustcannotdecidewhatcardtoputintoadeck!","howToEarn":"UnlockedatLevel1.","howToEarnGolden":"UnlockedatLevel15.","id":"DS1_184","name":"Tracking","rarity":"FREE","set":"CORE","text":"Lookatthetop3cardsofyourdeck.Drawoneanddiscardthe others.","type":"SPELL"},{"artist":"LucaZontini","cardClass":"HUNTER","collectible":true,"cost":1,"dbfId":877,"flavor":"Magiconjuredarcanearrowstoselltohunters,untilhunterslearnedjustenoughmagictodoitthemselves.TheresultinglossofjobssentStormwindintoaminorrecession.","howToEarn":"UnlockedatLevel1.","howToEarnGolden":"UnlockedatLevel32.","id":"DS1_185","name":"ArcaneShot","playRequirements":{"REQ_TARGET_TO_PLAY":0},"rarity":"FREE","set":"CORE","text":"Deal$2damage.","type":"SPELL"},{"artist":"PeterC.Lee","attack":5,"cardClass":"HUNTER","collectible":true,"cost":7,"dbfId":311,"durability":2,"flavor":"Thelongbowallowsshotstobefiredfromfartherawayandisusefulforfiringonparticularlyodoroustargets.","id":"DS1_188","name":"Gladiator'sLongbow","rarity":"EPIC","referencedTags":["IMMUNE"],"set":"EXPERT1","text":"Yourherois<b>Immune</b>whileattacking.","type":"WEAPON"},{"artist":"JimNelson","attack":2,"cardClass":"HUNTER","collectible":true,"cost":2,"dbfId":1281,"flavor":"Hyenaspreferthebonesofkodosorwindserpents,butthey'lleatprettymuchanything.EvenBrusselssprouts.","health":2,"id":"EX1_531","mechanics":["TRIGGER_VISUAL"],"name":"ScavengingHyena","race":"BEAST","rarity":"COMMON","set":"EXPERT1","text":"WheneverafriendlyBeastdies,gain+2/+1.","type":"MINION"},{"artist":"DarenBader","cardClass":"HUNTER","collectible":true,"cost":2,"dbfId":1091,"flavor":"Sometimesit'sassimpleasputtingonafakemustacheandpointingatsomeoneelse.","id":"EX1_533","mechanics":["SECRET"],"name":"Misdirection","rarity":"RARE","set":"EXPERT1","text":"<b>Secret:</b>Whenanenemyattacksyourhero,insteaditattacksanotherrandomcharacter.","type":"SPELL"},{"artist":"MilivojCeran","attack":6,"cardClass":"HUNTER","collectible":true,"cost":6,"dbfId":1261,"flavor":"Inthejungle,themightyjungle,theliongetsslowlyconsumedbyhyenas.","health":5,"id":"EX1_534","mechanics":["DEATHRATTLE"],"name":"SavannahHighmane","race":"BEAST","rarity":"RARE","set":"EXPERT1","text":"<b>Deathrattle:</b>Summontwo2/2Hyenas.","type":"MINION"},{"artist":"CyrilVanDerHaegen","attack":3,"cardClass":"HUNTER","collectible":true,"cost":3,"dbfId":1662,"durability":2,"flavor":"FirstLesson:Putthepointyendintheotherguy.","id":"EX1_536","mechanics":["TRIGGER_VISUAL"],"name":"EaglehornBow","rarity":"RARE","referencedTags":["SECRET"],"set":"EXPERT1","text":"[x]Wheneverafriendly\n<b>Secret</b>isrevealed,\ngain+1Durability.","type":"WEAPON"},{"artist":"TomBaxa","cardClass":"HUNTER","collectible":true,"cost":5,"dbfId":394,"flavor":"Pullthepin,countto5,thenshoot.Thenduck.","id":"EX1_537","name":"ExplosiveShot","playRequirements":{"REQ_MINION_TARGET":0,"REQ_TARGET_TO_PLAY":0},"rarity":"RARE","set":"EXPERT1","text":"Deal$5damagetoaminionand$2damagetoadjacentones.","type":"SPELL"},{"artist":"LinggarBramanty","cardClass":"HUNTER","collectible":true,"cost":3,"dbfId":1243,"flavor":"Youmustreadthenameofthiscardoutloudeachtimeyouplayit.","id":"EX1_538","name":"UnleashtheHounds","playRequirements":{"REQ_MINIMUM_ENEMY_MINIONS":1,"REQ_NUM_MINION_SLOTS":1},"rarity":"COMMON","referencedTags":["CHARGE"],"set":"EXPERT1","text":"Foreachenemyminion,summona1/1Houndwith<b>Charge</b>.","type":"SPELL"},{"artist":"GabefromPennyArcade","cardClass":"HUNTER","collectible":true,"cost":3,"dbfId":296,"flavor":"\"Kill!\",hecommanded.","howToEarn":"UnlockedatLevel10.","howToEarnGolden":"UnlockedatLevel49.","id":"EX1_539","name":"KillCommand","playRequirements":{"REQ_TARGET_TO_PLAY":0},"rarity":"FREE","set":"CORE","text":"Deal$3damage.IfyoucontrolaBeast,deal\n$5damageinstead.","type":"SPELL"},{"artist":"AlexHorleyOrlandelli","attack":8,"cardClass":"HUNTER","collectible":true,"cost":9,"dbfId":1144,"elite":true,"flavor":"ThebestdefenseagainstKingKrushistohavesomeoneyoudon’tlikestandinginfrontofyou.","health":8,"id":"EX1_543","mechanics":["CHARGE"],"name":"KingKrush","race":"BEAST","rarity":"LEGENDARY","set":"EXPERT1","text":"<b>Charge</b>","type":"MINION"},{"artist":"TylerWalpole","cardClass":"HUNTER","collectible":true,"cost":2,"dbfId":896,"flavor":"Notonlydoesitrevealyourenemies,butit'salsogreatforparties!","id":"EX1_544","name":"Flare","rarity":"RARE","referencedTags":["SECRET","STEALTH"],"set":"EXPERT1","text":"Allminionslose<b>Stealth</b>.Destroyallenemy<b>Secrets</b>.Drawacard.","type":"SPELL"},{"artist":"AlexHorleyOrlandelli","cardClass":"HUNTER","collectible":true,"cost":1,"dbfId":903,"flavor":"Theseethingwrathisjustbeneaththesurface.Beneaththatiswildabandon,followedbyslightannoyance.","id":"EX1_549","name":"BestialWrath","playRequirements":{"REQ_FRIENDLY_TARGET":0,"REQ_TARGET_TO_PLAY":0,"REQ_TARGET_WITH_RACE":20},"rarity":"EPIC","referencedTags":["IMMUNE"],"set":"EXPERT1","text":"GiveafriendlyBeast+2Attackand<b>Immune</b>thisturn.","type":"SPELL"},{"artist":"BernieKang","cardClass":"HUNTER","collectible":true,"cost":2,"dbfId":455,"flavor":"Whydidithavetobesnakes?","id":"EX1_554","mechanics":["SECRET"],"name":"SnakeTrap","rarity":"EPIC","set":"EXPERT1","text":"<b>Secret:</b>Whenoneofyourminionsisattacked,summonthree1/1Snakes.","type":"SPELL"},{"artist":"LorenzoMinaca","cardClass":"HUNTER","collectible":true,"cost":2,"dbfId":814,"flavor":"Agreatsniperhitsthespot.Justlikeadeliciousflankofboar.Mmmmm.","id":"EX1_609","mechanics":["SECRET"],"name":"Snipe","rarity":"COMMON","set":"EXPERT1","text":"<b>Secret:</b>Afteryouropponentplaysaminion,deal$4damagetoit.","type":"SPELL"},{"artist":"BrandonKitkouski","cardClass":"HUNTER","collectible":true,"cost":2,"dbfId":585,"flavor":"IttrapsyourfoodANDcooksitforyou!","id":"EX1_610","mechanics":["SECRET"],"name":"ExplosiveTrap","rarity":"COMMON","set":"EXPERT1","text":"<b>Secret:</b>Whenyourheroisattacked,deal$2damagetoallenemies.","type":"SPELL"},{"artist":"MattGaser","cardClass":"HUNTER","collectible":true,"cost":2,"dbfId":519,"flavor":"\"Dang,that'scold.\"-appropriateresponsetoFreezingTrap,orameanjoke.","id":"EX1_611","mechanics":["SECRET"],"name":"FreezingTrap","rarity":"COMMON","set":"EXPERT1","text":"<b>Secret:</b>Whenanenemyminionattacks,returnittoitsowner'shand.Itcosts(2)more.","type":"SPELL"},{"artist":"StevePrescott","cardClass":"HUNTER","collectible":true,"cost":3,"dbfId":1093,"flavor":"Accuracyisnotahighlyvaluedtraitamongthemok'nathal.Deadlinessisnearthetop,though.","id":"EX1_617","name":"DeadlyShot","playRequirements":{"REQ_MINIMUM_ENEMY_MINIONS":1},"rarity":"COMMON","set":"EXPERT1","text":"Destroyarandomenemyminion.","type":"SPELL"},{"artist":"JamesRyman","attack":8,"cardClass":"HUNTER","collectible":true,"cost":10,"dbfId":46678,"elite":true,"flavor":"Tasteyourworld'scorruption!Ittasteslikechicken.","health":8,"id":"GIL_128","mechanics":["BATTLECRY"],"name":"Emeriss","race":"DRAGON","rarity":"LEGENDARY","set":"GILNEAS","text":"<b>Battlecry:</b>DoubletheAttackandHealthofallminionsin yourhand.","type":"MINION"},{"artist":"GarrettHanna","attack":2,"cardClass":"HUNTER","collectible":true,"cost":3,"dbfId":46596,"flavor":"Afterashortpaws,she'sbacktoherselfagain.","health":5,"id":"GIL_200","mechanics":["STEALTH"],"name":"DuskhavenHunter","rarity":"RARE","set":"GILNEAS","text":"[x]<b>Stealth</b>\nEachturnthisisinyourhand,\nswapitsAttackandHealth.","type":"MINION"},{"artist":"ZoltanBoros","cardClass":"HUNTER","collectible":true,"cost":4,"dbfId":46940,"flavor":"EmerissusesWingBlast.It'ssupereffective!","id":"GIL_518","name":"WingBlast","playRequirements":{"REQ_MINION_TARGET":0,"REQ_TARGET_TO_PLAY":0},"rarity":"RARE","set":"GILNEAS","text":"Deal$4damagetoaminion.Ifaminiondiedthisturn,thiscosts(1).","type":"SPELL"},{"artist":"TylerWestStudio","attack":1,"cardClass":"HUNTER","collectible":true,"cost":5,"dbfId":47078,"flavor":"ItaspirestobeaVilebroodDancer,butithaseightleftfeet.","health":3,"id":"GIL_562","mechanics":["POISONOUS","RUSH"],"name":"VilebroodSkitterer","race":"BEAST","rarity":"COMMON","set":"GILNEAS","text":"<b>Poisonous</b>\n<b>Rush</b>","type":"MINION"},{"artist":"AntonZemskov","cardClass":"HUNTER","collectible":true,"cost":2,"dbfId":47128,"flavor":"MISSING:Onegiantrat.PleasereturntoKingTogwaggle.","id":"GIL_577","mechanics":["SECRET"],"name":"RatTrap","rarity":"EPIC","set":"GILNEAS","text":"[x]<b>Secret:</b>Afteryour\nopponentplaysthree\ncardsinaturn,summon\na6/6Rat.","type":"SPELL"},{"artist":"TylerWestStudio","attack":2,"cardClass":"HUNTER","collectible":true,"cost":4,"dbfId":47256,"flavor":"Notallspidersarebornpoisonous.That'swherehecomesin.","health":4,"id":"GIL_607","mechanics":["TRIGGER_VISUAL"],"name":"Toxmonger","rarity":"EPIC","referencedTags":["POISONOUS"],"set":"GILNEAS","text":"[x]Wheneveryouplaya1-Cost\nminion,giveit<b>Poisonous</b>.","type":"MINION"},{"artist":"KonstantinTurovec","attack":2,"cardClass":"HUNTER","collectible":true,"cost":2,"dbfId":47930,"flavor":"\"Shh!You'regoingtostartahowl!\"","health":1,"id":"GIL_607t","mechanics":["ECHO","RUSH"],"name":"HuntingMastiff","race":"BEAST","rarity":"COMMON","set":"GILNEAS","text":"<b>Echo</b>\n<b>Rush</b>","type":"MINION"},{"artist":"ZoltanBoros","attack":3,"cardClass":"HUNTER","collectible":true,"cost":4,"dbfId":47488,"elite":true,"flavor":"They’regooddogs,Tess.","health":6,"id":"GIL_650","mechanics":["AURA"],"name":"HoundmasterShaw","rarity":"LEGENDARY","referencedTags":["RUSH"],"set":"GILNEAS","text":"Yourotherminionshave\n<b>Rush</b>.","type":"MINION"},{"artist":"EfremPalacios","cardClass":"HUNTER","collectible":true,"cost":4,"dbfId":48201,"flavor":"It'salwaysHuffer.AndHuffer.AndHuffer.AndHuffer.","id":"GIL_828","name":"DireFrenzy","playRequirements":{"REQ_MINION_TARGET":0,"REQ_TARGET_TO_PLAY":0,"REQ_TARGET_WITH_RACE":20},"rarity":"COMMON","set":"GILNEAS","text":"GiveaBeast+3/+3.Shuffle3copiesintoyourdeckwith+3/+3.","type":"SPELL"},{"artist":"StevePrescott","attack":3,"cardClass":"HUNTER","collectible":true,"cost":5,"dbfId":48902,"flavor":"Fitseasilyintooverheadluggagebins.","health":7,"id":"GIL_905","mechanics":["BATTLECRY"],"name":"CarrionDrake","race":"DRAGON","rarity":"RARE","referencedTags":["POISONOUS"],"set":"GILNEAS","text":"<b>Battlecry:</b>Ifaminiondiedthisturn,gain<b>Poisonous</b>.","type":"MINION"},{"artist":"DanyOrizio","attack":2,"cardClass":"HUNTER","collectible":true,"cost":4,"dbfId":42320,"flavor":"We'veallbeenthereafteranightofone-too-manyfunnelcakes.","health":1,"id":"ICC_021","mechanics":["DEATHRATTLE"],"name":"ExplodingBloatbat","race":"BEAST","rarity":"RARE","set":"ICECROWN","text":"<b>Deathrattle:</b>\nDeal2damagetoallenemyminions.","type":"MINION"},{"artist":"ZoltanBoros","cardClass":"HUNTER","collectible":true,"cost":2,"dbfId":42648,"flavor":"Whatdoesn'tkillyoumakesyoutoxic.","id":"ICC_049","name":"ToxicArrow","playRequirements":{"REQ_MINION_TARGET":0,"REQ_TARGET_TO_PLAY":0},"rarity":"EPIC","referencedTags":["POISONOUS"],"set":"ICECROWN","text":"Deal$2damagetoaminion.Ifitsurvives,giveit<b>Poisonous</b>.","type":"SPELL"},{"artist":"PeterStapleton","cardClass":"HUNTER","collectible":true,"cost":1,"dbfId":42652,"flavor":"He'saveryliteraldog.","id":"ICC_052","name":"PlayDead","playRequirements":{"REQ_FRIENDLY_TARGET":0,"REQ_MINION_TARGET":0,"REQ_TARGET_TO_PLAY":0,"REQ_TARGET_WITH_DEATHRATTLE":0},"rarity":"COMMON","referencedTags":["DEATHRATTLE"],"set":"ICECROWN","text":"Triggerafriendlyminion's<b>Deathrattle</b>.","type":"SPELL"},{"artist":"DaveAllsop","cardClass":"HUNTER","collectible":true,"cost":2,"dbfId":42525,"flavor":"Snakesonafrozenplain.","id":"ICC_200","mechanics":["SECRET"],"name":"VenomstrikeTrap","rarity":"RARE","referencedTags":["POISONOUS"],"set":"ICECROWN","text":"<b>Secret:</b>Whenoneofyourminionsisattacked,summona2/3 <b>Poisonous</b>Cobra.","type":"SPELL"},{"artist":"MikeSass","attack":5,"cardClass":"HUNTER","collectible":true,"cost":4,"dbfId":42563,"elite":true,"flavor":"Amonghismorenotableinventions:Atentacle-groomer,aplaguethatwouldwipeoutalllifeonAzeroth,andafidgetspinner.","health":4,"id":"ICC_204","mechanics":["TRIGGER_VISUAL"],"name":"ProfessorPutricide","rarity":"LEGENDARY","referencedTags":["SECRET"],"set":"ICECROWN","text":"Afteryouplaya<b>Secret</b>,\nputarandomHunter<b>Secret</b>intothebattlefield.","type":"MINION"},{"artist":"DaveAllsop","attack":4,"cardClass":"HUNTER","collectible":true,"cost":5,"dbfId":42822,"flavor":"Hermarriagesurviveddeath,butitdecayedprettyquicklyafterthat.","health":6,"id":"ICC_243","mechanics":["AURA"],"name":"CorpseWidow","race":"BEAST","rarity":"RARE","referencedTags":["DEATHRATTLE"],"set":"ICECROWN","text":"Your<b>Deathrattle</b>cardscost (2)less.","type":"MINION"},{"artist":"StevePrescott","attack":2,"cardClass":"HUNTER","collectible":true,"cost":3,"dbfId":42707,"flavor":"He'sjustexercisinghisrighttobeararms.","health":2,"id":"ICC_415","mechanics":["BATTLECRY"],"name":"StitchedTracker","rarity":"COMMON","referencedTags":["DISCOVER"],"set":"ICECROWN","text":"<b>Battlecry:</b><b>Discover</b>acopyofaminioninyourdeck.","type":"MINION"},{"artist":"MaxGrecke","attack":4,"cardClass":"HUNTER","collectible":true,"cost":3,"dbfId":42711,"flavor":"\"Candygram.\"","health":3,"id":"ICC_419","mechanics":["CANT_BE_TARGETED_BY_SPELLS","CANT_BE_TARGETED_BY_HERO_POWERS"],"name":"Bearshark","race":"BEAST","rarity":"COMMON","set":"ICECROWN","text":"Can'tbetargetedbyspellsorHeroPowers.","type":"MINION"},{"artist":"L.Lullabi&K.Turovec","attack":6,"cardClass":"HUNTER","collectible":true,"cost":7,"dbfId":43245,"flavor":"FrostytheBowman...wasanangryhatefulsoul...withafreshhewnbowandamissingnose...","health":7,"id":"ICC_825","mechanics":["DEATHRATTLE"],"name":"AbominableBowman","rarity":"EPIC","set":"ICECROWN","text":"[x]<b>Deathrattle:</b>Summon\narandomfriendlyBeast\nthatdiedthisgame.","type":"MINION"},{"armor":5,"artist":"JomaroKindred","cardClass":"HUNTER","collectible":true,"cost":6,"dbfId":43398,"elite":true,"flavor":"\"Youweretooslow,oldfriend.Thehuntbeganlongago.Andnow...itwillneverend.\"","health":30,"id":"ICC_828","mechanics":["BATTLECRY"],"name":"DeathstalkerRexxar","rarity":"LEGENDARY","set":"ICECROWN","text":"[x]<b>Battlecry:</b>Deal2damage\ntoallenemyminions.","type":"HERO"},{"artist":"ArthurBozonnet","cardClass":"HUNTER","collectible":true,"cost":4,"dbfId":43357,"flavor":"Wolvestotheleftandarrowstotheright,hereIamstuckinthemiddlewithyou.","id":"LOOT_077","name":"FlankingStrike","playRequirements":{"REQ_MINION_TARGET":0,"REQ_TARGET_TO_PLAY":0},"rarity":"COMMON","set":"LOOTAPALOOZA","text":"Deal$3damagetoaminion.Summona3/3Wolf.","type":"SPELL"},{"artist":"PeterStapleton","attack":2,"cardClass":"HUNTER","collectible":true,"cost":3,"dbfId":43358,"flavor":"CanbeupgradedintoaCaveLurker.","health":4,"id":"LOOT_078","name":"CaveHydra","race":"BEAST","rarity":"COMMON","set":"LOOTAPALOOZA","text":"Alsodamagestheminionsnexttowhomever\nthisattacks.","type":"MINION"},{"artist":"TrentKaniuga&JamesMartin","cardClass":"HUNTER","collectible":true,"cost":2,"dbfId":43359,"flavor":"Notallwhowanderarelost.Thisoneislostthough,forsure.","id":"LOOT_079","mechanics":["SECRET"],"name":"WanderingMonster","rarity":"RARE","set":"LOOTAPALOOZA","text":"<b>Secret:</b>Whenanenemyattacksyourhero,summona3-Costminionasthenewtarget.","type":"SPELL"},{"artist":"JoeWilson","cardClass":"HUNTER","collectible":true,"cost":5,"dbfId":43363,"flavor":"AnemeraldstoneforTaurenhands\nWhosoughtitsstrengthtosavetheirlands\nTheirtribesnowlost,theirragereleased\nWho’shuntingnow?Andwho’sthebeast?","id":"LOOT_080","name":"LesserEmeraldSpellstone","playRequirements":{"REQ_MINION_TARGET":0},"rarity":"RARE","set":"LOOTAPALOOZA","text":"Summontwo3/3 Wolves.<i>(Playa<b>Secret</b>toupgrade.)</i>","type":"SPELL"},{"artist":"TrentKaniuga&JamesMartin","attack":4,"cardClass":"HUNTER","collectible":true,"cost":7,"dbfId":43369,"durability":2,"elite":true,"flavor":"Rhok'delarisreadytoRhok'de'casbah!","id":"LOOT_085","mechanics":["BATTLECRY"],"name":"Rhok'delar","rarity":"LEGENDARY","set":"LOOTAPALOOZA","text":"<b>Battlecry:</b>Ifyourdeckhasnominions,fillyour handwithHunter spells.","type":"WEAPON"},{"artist":"PeterStapleton","cardClass":"HUNTER","collectible":true,"cost":6,"dbfId":45546,"entourage":["NEW1_032","NEW1_033","NEW1_034"],"flavor":"Ihuntalone.Well,meandMisha.AndHuffer.AndLeokk.","id":"LOOT_217","name":"ToMySide!","playRequirements":{"REQ_MINION_TARGET":0,"REQ_NUM_MINION_SLOTS":1},"rarity":"EPIC","set":"LOOTAPALOOZA","text":"[x]SummonanAnimal\nCompanion,or2ifyour\ndeckhasnominions.","type":"SPELL"},{"artist":"AntonMagdalin","attack":1,"cardClass":"HUNTER","collectible":true,"cost":1,"dbfId":45537,"durability":3,"flavor":"OncecalledCahn’delar,ShortbowoftheAncientWhisker.","id":"LOOT_222","name":"Candleshot","rarity":"COMMON","referencedTags":["IMMUNE"],"set":"LOOTAPALOOZA","text":"Yourherois<b>Immune</b>whileattacking.","type":"WEAPON"},{"artist":"GarrettHanna","attack":6,"cardClass":"HUNTER","collectible":true,"cost":8,"dbfId":46390,"elite":true,"flavor":"She’snotoneofthosetreehuggerelves–butshedoesliketheoccasionalcuddle.","health":6,"id":"LOOT_511","mechanics":["BATTLECRY","DEATHRATTLE"],"name":"KathrenaWinterwisp","rarity":"LEGENDARY","referencedTags":["RECRUIT"],"set":"LOOTAPALOOZA","text":"<b>BattlecryandDeathrattle:</b><b>Recruit</b>aBeast.","type":"MINION"},{"artist":"AntonKagoukin","attack":5,"cardClass":"HUNTER","collectible":true,"cost":6,"dbfId":46445,"flavor":"Uh,youmightwanttogetthatlookedat.","health":4,"id":"LOOT_520","mechanics":["BATTLECRY"],"name":"SeepingOozeling","rarity":"RARE","referencedTags":["DEATHRATTLE"],"set":"LOOTAPALOOZA","text":"<b>Battlecry:</b>Gainthe<b>Deathrattle</b>ofarandomminioninyourdeck.","type":"MINION"},{"artist":"TrentKaniuga","cardClass":"HUNTER","collectible":true,"cost":7,"dbfId":46450,"flavor":"\"Itcouldbeworse!\"\"It'sworse.\"","id":"LOOT_522","name":"CrushingWalls","rarity":"EPIC","set":"LOOTAPALOOZA","text":"Destroyyouropponent'sleftandright-mostminions.","type":"SPELL"},{"artist":"WeiWang","cardClass":"HUNTER","collectible":true,"cost":3,"dbfId":437,"entourage":["NEW1_032","NEW1_033","NEW1_034"],"flavor":"YoucouldsummonMisha,Leokk,orHuffer!Hufferismoretroublethanhe'sworth.","howToEarn":"UnlockedatLevel2.","howToEarnGolden":"UnlockedatLevel45.","id":"NEW1_031","name":"AnimalCompanion","playRequirements":{"REQ_NUM_MINION_SLOTS":1},"rarity":"FREE","set":"CORE","text":"SummonarandomBeastCompanion.","type":"SPELL"},{"artist":"ChrisSeaman","attack":3,"cardClass":"HUNTER","collectible":true,"cost":3,"dbfId":41304,"flavor":"Likestoscarehisfriendshalftodeath.","health":3,"id":"UNG_800","mechanics":["BATTLECRY"],"name":"TerrorscaleStalker","playRequirements":{"REQ_FRIENDLY_TARGET":0,"REQ_MINION_TARGET":0,"REQ_TARGET_IF_AVAILABLE":0,"REQ_TARGET_WITH_DEATHRATTLE":0},"rarity":"RARE","referencedTags":["DEATHRATTLE"],"set":"UNGORO","targetingArrowText":"TriggeraDeathrattle.","text":"<b>Battlecry:</b>Triggerafriendlyminion's<b>Deathrattle</b>.","type":"MINION"},{"artist":"SlawomirManiak","cardClass":"HUNTER","collectible":true,"cost":2,"dbfId":41350,"flavor":"Ooh.I'llhaveabiteofthis,andofthis,andofthis...","id":"UNG_910","name":"GrievousBite","playRequirements":{"REQ_MINION_TARGET":0,"REQ_TARGET_TO_PLAY":0},"rarity":"COMMON","set":"UNGORO","text":"Deal$2damagetoaminionand$1damagetoadjacentones.","type":"SPELL"},{"artist":"JamesRyman","attack":1,"cardClass":"HUNTER","collectible":true,"cost":1,"dbfId":41353,"flavor":"It’snotLITERALLYjeweled.Thegoblinswereterriblydisappointed.","health":1,"id":"UNG_912","mechanics":["BATTLECRY"],"name":"JeweledMacaw","race":"BEAST","rarity":"COMMON","set":"UNGORO","text":"<b>Battlecry:</b>AddarandomBeasttoyourhand.","type":"MINION"},{"artist":"MikeAzevedo","attack":3,"cardClass":"HUNTER","collectible":true,"cost":5,"dbfId":41354,"flavor":"Ferociousincombat…andevenmoreterrifyinginpetbattles.","health":5,"id":"UNG_913","mechanics":["BATTLECRY"],"name":"Tol'virWarden","rarity":"RARE","set":"UNGORO","text":"<b>Battlecry:</b>Drawtwo1-Costminionsfromyourdeck.","type":"MINION"},{"artist":"JaeminKim","attack":2,"cardClass":"HUNTER","collectible":true,"cost":1,"dbfId":41357,"flavor":"They’rejustbabyteeth.Lotsandlotsofbabyteeth.","health":1,"id":"UNG_914","mechanics":["DEATHRATTLE"],"name":"RaptorHatchling","race":"BEAST","rarity":"RARE","set":"UNGORO","text":"<b>Deathrattle:</b>Shufflea4/3Raptorintoyourdeck.","type":"MINION"},{"artist":"L.Lullabi&K.Turovec","attack":3,"cardClass":"HUNTER","collectible":true,"cost":2,"dbfId":41358,"flavor":"Wasn'tcleverenoughtogoAROUNDtheelectricfence.","health":2,"id":"UNG_915","mechanics":["BATTLECRY"],"name":"CracklingRazormaw","playRequirements":{"REQ_FRIENDLY_TARGET":0,"REQ_MINION_TARGET":0,"REQ_TARGET_IF_AVAILABLE":0,"REQ_TARGET_WITH_RACE":20},"race":"BEAST","rarity":"COMMON","referencedTags":["ADAPT"],"set":"UNGORO","targetingArrowText":"AdaptaBeast.","text":"<b>Battlecry:</b><b>Adapt</b>afriendly Beast.","type":"MINION"},{"artist":"DarenBader","cardClass":"HUNTER","collectible":true,"cost":1,"dbfId":41360,"flavor":"Manyhunterslongforthepitter-patterofenormousfeet.","id":"UNG_916","name":"Stampede","rarity":"EPIC","set":"UNGORO","text":"EachtimeyouplayaBeastthisturn,add a randomBeastto yourhand.","type":"SPELL"},{"artist":"ArthurBozonnet","cardClass":"HUNTER","collectible":true,"cost":2,"dbfId":41363,"flavor":"Anyonecandinomance.JustputyourlipstogetherandRAAWWWAARGGGH.","id":"UNG_917","name":"Dinomancy","rarity":"EPIC","set":"UNGORO","text":"YourHeroPowerbecomes'GiveaBeast+2/+2.'","type":"SPELL"},{"artist":"AlexHorleyOrlandelli","attack":9,"cardClass":"HUNTER","collectible":true,"cost":7,"dbfId":41366,"elite":true,"flavor":"SwampKingDred,morelikeSwampKingDead,amiright?","health":9,"id":"UNG_919","mechanics":["TRIGGER_VISUAL"],"name":"SwampKingDred","race":"BEAST","rarity":"LEGENDARY","set":"UNGORO","text":"Afteryouropponentplaysaminion,attack it.","type":"MINION"},{"artist":"A.J.Nazzaro","cardClass":"HUNTER","collectible":true,"cost":1,"dbfId":41368,"elite":true,"flavor":"Question:What'sscarier,onegiantangrydinosauror15smallerviciousones?Answer:AHHHHHHHTHEYFOUNDMEEEEEE","id":"UNG_920","mechanics":["QUEST"],"name":"TheMarshQueen","questReward":"UNG_920t1","rarity":"LEGENDARY","set":"UNGORO","text":"[x]<b>Quest:</b>Playseven\n1-Costminions.\n<b>Reward:</b>QueenCarnassa.","type":"SPELL"}]