[{"artist":"A.J.Nazzaro","cardClass":"MAGE","collectible":true,"cost":2,"dbfId":47978,"flavor":"Let'sseewhat'sbehindriftnumberone!","id":"BOT_101","name":"AstralRift","rarity":"RARE","set":"BOOMSDAY","text":"Add2randomminionstoyourhand.","type":"SPELL"},{"artist":"L.Lullabi&K.Turovec","attack":2,"cardClass":"MAGE","collectible":true,"cost":3,"dbfId":47982,"elite":true,"flavor":"She'sDr.Boom'sright-handmage.","health":4,"id":"BOT_103","mechanics":["TRIGGER_VISUAL"],"name":"StargazerLuna","rarity":"LEGENDARY","set":"BOOMSDAY","text":"Afteryouplaythe\nright-mostcardinyourhand,drawacard.","type":"MINION"},{"artist":"JakubKasper","cardClass":"MAGE","collectible":true,"cost":4,"dbfId":48803,"flavor":"Sometimesscienceismoreartthanscience.Alotofpeopledon’tgetthat.","id":"BOT_254","name":"UnexpectedResults","playRequirements":{"REQ_NUM_MINION_SLOTS":1},"rarity":"EPIC","set":"BOOMSDAY","text":"[x]Summontworandom\n$2-Costminions<i>(improved\nby<b>SpellDamage</b>)</i>.","type":"SPELL"},{"artist":"GonzaloOrdonez","attack":5,"cardClass":"MAGE","collectible":true,"cost":7,"dbfId":48195,"flavor":"AllsignspointtoAntonidas.","health":5,"id":"BOT_256","mechanics":["BATTLECRY"],"name":"Astromancer","rarity":"EPIC","set":"BOOMSDAY","text":"[x]<b>Battlecry:</b>Summona\nrandomminionwithCost\nequaltoyourhandsize.","type":"MINION"},{"artist":"JakubKasper","cardClass":"MAGE","collectible":true,"cost":7,"dbfId":48198,"elite":true,"flavor":"LunabecameheadoftheastronomydepartmentwhenherbossinventedthePocketBlackHole.","id":"BOT_257","name":"Luna'sPocketGalaxy","rarity":"LEGENDARY","set":"BOOMSDAY","text":"ChangetheCostofminionsinyour\ndeckto(1).","type":"SPELL"},{"artist":"KonstantinTurovec","cardClass":"MAGE","collectible":true,"cost":1,"dbfId":49081,"flavor":"Literallystarstruck.","id":"BOT_453","name":"ShootingStar","playRequirements":{"REQ_MINION_TARGET":0,"REQ_TARGET_TO_PLAY":0},"rarity":"COMMON","set":"BOOMSDAY","text":"Deal$1damagetoaminionandtheminionsnexttoit.","type":"SPELL"},{"artist":"L Chanchai","attack":2,"cardClass":"MAGE","collectible":true,"cost":2,"dbfId":49263,"flavor":"Castingwiththestars.","health":1,"id":"BOT_531","mechanics":["BATTLECRY"],"name":"CelestialEmissary","race":"ELEMENTAL","rarity":"RARE","referencedTags":["SPELLPOWER"],"set":"BOOMSDAY","text":"<b>Battlecry:</b>Yournextspell thisturnhas<b>Spell Damage+2</b>.","type":"MINION"},{"artist":"J.Paick&K.Turovec","cardClass":"MAGE","collectible":true,"cost":2,"dbfId":48692,"flavor":"Abstract:Analyzingsystemicapplicationsofcoldlightdatasetsvis-a-visshuffle-relatedparadigms.Conclusion:Yay,cards!","id":"BOT_600","name":"ResearchProject","rarity":"COMMON","set":"BOOMSDAY","text":"Eachplayerdraws2 cards.","type":"SPELL"},{"artist":"PaulMafayon","attack":3,"cardClass":"MAGE","collectible":true,"cost":6,"dbfId":48693,"flavor":"Somesaytheworldwillendinfire.Somesayinice.WhynotBOTH?","health":3,"id":"BOT_601","mechanics":["BATTLECRY"],"name":"Meteorologist","rarity":"RARE","set":"BOOMSDAY","text":"<b>Battlecry:</b>Foreachcardinyourhand,deal1damagetoarandomenemy.","type":"MINION"},{"artist":"KonstantinTurovec","attack":4,"cardClass":"MAGE","collectible":true,"cost":4,"dbfId":49045,"flavor":"INGREDIENTS:STAR-STUFF,\nBLUE#1,NATURALANDARTIFICIALFLAVORS.","health":3,"id":"BOT_604","mechanics":["SPELLPOWER"],"name":"CosmicAnomaly","race":"ELEMENTAL","rarity":"COMMON","set":"BOOMSDAY","spellDamage":2,"text":"<b>SpellDamage+2</b>","type":"MINION"},{"artist":"VanceKovacs","cardClass":"MAGE","collectible":true,"cost":4,"dbfId":77,"flavor":"Therewasgoingtobeapuninthisflavortext,butitjustcameoutbaa-d.","howToEarn":"UnlockedatLevel1.","howToEarnGolden":"UnlockedatLevel47.","id":"CS2_022","name":"Polymorph","playRequirements":{"REQ_MINION_TARGET":0,"REQ_TARGET_TO_PLAY":0},"rarity":"FREE","set":"CORE","text":"Transformaminion\nintoa1/1Sheep.","type":"SPELL"},{"artist":"DaveBerggren","cardClass":"MAGE","collectible":true,"cost":3,"dbfId":555,"flavor":"PlayingthiscardmakesyouSMARTER.Andlet'sfaceit:wecouldallstandtobealittlesmarter.","howToEarn":"UnlockedatLevel1.","howToEarnGolden":"UnlockedatLevel15.","id":"CS2_023","name":"ArcaneIntellect","rarity":"FREE","set":"CORE","text":"Draw2cards.","type":"SPELL"},{"artist":"SteveEllis","cardClass":"MAGE","collectible":true,"cost":2,"dbfId":662,"flavor":"Itiscustomarytoyell\"Chillout!\"or\"Freeze!\"or\"Iceice,baby!\"whenyouplaythiscard.","howToEarn":"UnlockedatLevel2.","howToEarnGolden":"UnlockedatLevel40.","id":"CS2_024","mechanics":["FREEZE"],"name":"Frostbolt","playRequirements":{"REQ_TARGET_TO_PLAY":0},"rarity":"FREE","set":"CORE","text":"Deal$3damagetoa characterand<b>Freeze</b>it.","type":"SPELL"},{"artist":"HowardLyon","cardClass":"MAGE","collectible":true,"cost":2,"dbfId":447,"flavor":"ThisspellismuchbetterthanArcaneImplosion.","howToEarn":"UnlockedatLevel1.","howToEarnGolden":"UnlockedatLevel28.","id":"CS2_025","name":"ArcaneExplosion","rarity":"FREE","set":"CORE","text":"Deal$1damagetoallenemyminions.","type":"SPELL"},{"artist":"JoshTallman","cardClass":"MAGE","collectible":true,"cost":3,"dbfId":587,"flavor":"Heyman,that'scold.Literallyandmetaphorically.","howToEarn":"UnlockedatLevel6.","howToEarnGolden":"UnlockedatLevel23.","id":"CS2_026","mechanics":["FREEZE"],"name":"FrostNova","rarity":"FREE","set":"CORE","text":"<b>Freeze</b>allenemyminions.","type":"SPELL"},{"artist":"JimNelson","cardClass":"MAGE","collectible":true,"cost":1,"dbfId":1084,"flavor":"Ohheyit'sMirrorImage!!egamIrorriMs'tiyehhO","howToEarn":"UnlockedatLevel4.","howToEarnGolden":"UnlockedatLevel36.","id":"CS2_027","name":"MirrorImage","playRequirements":{"REQ_NUM_MINION_SLOTS":1},"rarity":"FREE","referencedTags":["TAUNT"],"set":"CORE","text":"Summontwo0/2minionswith<b>Taunt</b>.","type":"SPELL"},{"artist":"ChrisSeaman","cardClass":"MAGE","collectible":true,"cost":6,"dbfId":457,"flavor":"ThisspellcanbeveryEntertaining.","id":"CS2_028","mechanics":["FREEZE"],"name":"Blizzard","rarity":"RARE","set":"EXPERT1","text":"Deal$2damagetoallenemyminionsand<b>Freeze</b>them.","type":"SPELL"},{"artist":"RalphHorsley","cardClass":"MAGE","collectible":true,"cost":4,"dbfId":315,"flavor":"Thisspellisusefulforburningthings.Ifyou'relookingforspellsthattoastthings,orjustwarmthemalittle,you'reinthewrongplace.","howToEarn":"UnlockedatLevel1.","howToEarnGolden":"UnlockedatLevel44.","id":"CS2_029","name":"Fireball","playRequirements":{"REQ_TARGET_TO_PLAY":0},"rarity":"FREE","set":"CORE","text":"Deal$6damage.","type":"SPELL"},{"artist":"AlexHorleyOrlandelli","cardClass":"MAGE","collectible":true,"cost":1,"dbfId":172,"flavor":"Thetrickisnottobreakthelance.Otherwise,youhave\"IcePieces.\"IcePiecesaren'taseffective.","id":"CS2_031","mechanics":["FREEZE"],"name":"IceLance","playRequirements":{"REQ_TARGET_TO_PLAY":0},"rarity":"COMMON","set":"HOF","text":"<b>Freeze</b>acharacter.Ifitwasalready<b>Frozen</b>,deal$4damageinstead.","type":"SPELL"},{"artist":"RomainDeSanti","cardClass":"MAGE","collectible":true,"cost":7,"dbfId":1004,"flavor":"Whenthegroundisonfire,youshould<i>not</i>stop,drop,androll.","howToEarn":"UnlockedatLevel10.","howToEarnGolden":"UnlockedatLevel51.","id":"CS2_032","name":"Flamestrike","rarity":"FREE","set":"CORE","text":"Deal$4damagetoallenemyminions.","type":"SPELL"},{"artist":"JohnAvon","attack":3,"cardClass":"MAGE","collectible":true,"cost":4,"dbfId":395,"flavor":"Don'tsummonawaterelementalataparty.It'lldampenthemood.","health":6,"howToEarn":"UnlockedatLevel8.","howToEarnGolden":"UnlockedatLevel49.","id":"CS2_033","mechanics":["FREEZE"],"name":"WaterElemental","race":"ELEMENTAL","rarity":"FREE","set":"CORE","text":"<b>Freeze</b>anycharacterdamagedbythisminion.","type":"MINION"},{"artist":"ArthurGimaldinov","cardClass":"MAGE","collectible":true,"cost":2,"dbfId":52255,"flavor":"Thismayappearweakatfrostglance,butit'sactuallyaveryicespell.","id":"EX1_179","name":"Icicle","playRequirements":{"REQ_MINION_TARGET":0,"REQ_TARGET_TO_PLAY":0},"rarity":"EPIC","referencedTags":["FREEZE"],"set":"EXPERT1","text":"Deal$2damagetoaminion.Ifit's<b>Frozen</b>,drawacard.","type":"SPELL"},{"artist":"DerkVenneman","cardClass":"MAGE","collectible":true,"cost":1,"dbfId":52262,"flavor":"Justacompilationofnapkinsofintellect.","id":"EX1_180","name":"TomeofIntellect","rarity":"COMMON","set":"EXPERT1","text":"AddarandomMagespelltoyourhand.","type":"SPELL"},{"artist":"MichaelKomarck","attack":3,"cardClass":"MAGE","collectible":true,"cost":4,"dbfId":1737,"flavor":"Theetherealsarewrappedinclothtogiveformtotheirnon-corporealbodies.Alsobecauseit'sniceandsoft.","health":3,"id":"EX1_274","mechanics":["TRIGGER_VISUAL"],"name":"EtherealArcanist","rarity":"RARE","referencedTags":["SECRET"],"set":"EXPERT1","text":"Ifyoucontrola<b>Secret</b>at theendofyourturn,gain+2/+2.","type":"MINION"},{"artist":"LeoChe","cardClass":"MAGE","collectible":true,"cost":4,"dbfId":430,"flavor":"MagioftheKirinTorwerecastingCubesofColdformanyyearsbeforeConescameintofashionsome90yearsago.","id":"EX1_275","mechanics":["FREEZE"],"name":"ConeofCold","playRequirements":{"REQ_MINION_TARGET":0,"REQ_TARGET_TO_PLAY":0},"rarity":"COMMON","set":"EXPERT1","text":"<b>Freeze</b>aminionandtheminionsnexttoit,anddeal$1damagetothem.","type":"SPELL"},{"artist":"WarrenMahy","cardClass":"MAGE","collectible":true,"cost":1,"dbfId":564,"flavor":"You'dthinkyou'dbeabletocontrolyourmissilesalittlebettersinceyou'reapowerfulmageandall.","howToEarn":"UnlockedatLevel1.","howToEarnGolden":"UnlockedatLevel32.","id":"EX1_277","mechanics":["ImmuneToSpellpower"],"name":"ArcaneMissiles","rarity":"FREE","set":"CORE","text":"Deal$3damagerandomlysplitamongallenemies.","type":"SPELL"},{"artist":"LucaZontini","cardClass":"MAGE","collectible":true,"cost":10,"dbfId":1087,"flavor":"Takethetimeforanevillaughafteryoudrawthiscard.","id":"EX1_279","name":"Pyroblast","playRequirements":{"REQ_TARGET_TO_PLAY":0},"rarity":"EPIC","set":"EXPERT1","text":"Deal$10damage.","type":"SPELL"},{"artist":"JasonChan","cardClass":"MAGE","collectible":true,"cost":3,"dbfId":113,"flavor":"What'sthedifferencebetweenamageplayingwithCounterspellandamagewhoisn't?Themagewhoisn'tisgettingPyroblastedintheface.","id":"EX1_287","mechanics":["SECRET"],"name":"Counterspell","rarity":"RARE","referencedTags":["COUNTER"],"set":"EXPERT1","text":"<b>Secret:</b>Whenyouropponentcastsaspell,<b>Counter</b>it.","type":"SPELL"},{"artist":"AlexGarner","cardClass":"MAGE","collectible":true,"cost":3,"dbfId":621,"flavor":"ThisisRank1.Rank2isChocolateMilkBarrier.","id":"EX1_289","mechanics":["SECRET"],"name":"IceBarrier","rarity":"COMMON","set":"EXPERT1","text":"<b>Secret:</b>Whenyour\nheroisattacked,\ngain8Armor.","type":"SPELL"},{"artist":"RavenMimura","cardClass":"MAGE","collectible":true,"cost":3,"dbfId":195,"flavor":"\"Yougofirst.\"-Krush'gortheBehemoth,tohispetboar.","id":"EX1_294","mechanics":["SECRET"],"name":"MirrorEntity","rarity":"COMMON","set":"EXPERT1","text":"<b>Secret:</b>Afteryouropponentplaysaminion,summonacopyofit.","type":"SPELL"},{"artist":"CarlFrank","cardClass":"MAGE","collectible":true,"cost":3,"dbfId":192,"flavor":"Iceisnice,andwillsuffice!","id":"EX1_295","mechanics":["SECRET"],"name":"IceBlock","rarity":"EPIC","referencedTags":["IMMUNE"],"set":"HOF","text":"<b>Secret:</b>Whenyourherotakesfataldamage,preventitandbecome<b>Immune</b>thisturn.","type":"SPELL"},{"artist":"WayneReynolds","attack":5,"cardClass":"MAGE","collectible":true,"cost":7,"dbfId":1080,"elite":true,"flavor":"AntonidaswastheGrandMagusoftheKirinTor,andJaina'smentor.ThiswasabigstepupfrombeingGrandMagusofJellyDonuts.","health":7,"id":"EX1_559","mechanics":["TRIGGER_VISUAL"],"name":"ArchmageAntonidas","rarity":"LEGENDARY","set":"EXPERT1","text":"Wheneveryoucastaspell,adda'Fireball'spellto yourhand.","type":"MINION"},{"artist":"RaymondSwanland","cardClass":"MAGE","collectible":true,"cost":3,"dbfId":286,"flavor":"RumorhasitthatDeathwingbroughtabouttheCataclysmafterlosingagametothiscard.Wemayneverknowthetruth.","id":"EX1_594","mechanics":["SECRET"],"name":"Vaporize","rarity":"RARE","set":"EXPERT1","text":"<b>Secret:</b>Whenaminionattacksyourhero,destroyit.","type":"SPELL"},{"artist":"AlexHorleyOrlandelli","attack":3,"cardClass":"MAGE","collectible":true,"cost":2,"dbfId":614,"flavor":"Apprenticesaregreatforbossingaround.\"Conjuremesomemanabuns!Andacoffee!Makethatamanacoffee!\"","health":2,"id":"EX1_608","mechanics":["AURA"],"name":"Sorcerer'sApprentice","rarity":"COMMON","set":"EXPERT1","text":"Yourspellscost(1)less.","type":"MINION"},{"artist":"PopoWei","attack":4,"cardClass":"MAGE","collectible":true,"cost":3,"dbfId":748,"flavor":"TheKirinTorresideinthefloatingcityofDalaran.HowdoyoumakeaDalaranfloat?Twoscoopsoficecream,onescoopofDalaran.","health":3,"id":"EX1_612","mechanics":["BATTLECRY"],"name":"KirinTorMage","rarity":"RARE","referencedTags":["SECRET"],"set":"EXPERT1","text":"[x]<b>Battlecry:</b>Thenext<b>Secret</b>\nyouplaythisturncosts(0).","type":"MINION"},{"artist":"MattDixon","attack":2,"cardClass":"MAGE","collectible":true,"cost":4,"dbfId":46654,"flavor":"Shesellsallmannerofkeys:fromAflattoGsharp.","health":2,"id":"GIL_116","mechanics":["BATTLECRY"],"name":"ArcaneKeysmith","rarity":"EPIC","referencedTags":["DISCOVER","SECRET"],"set":"GILNEAS","text":"<b>Battlecry:</b><b>Discover</b>a<b>Secret</b>.Putitintothebattlefield.","type":"MINION"},{"artist":"AntonZemskov","cardClass":"MAGE","collectible":true,"cost":3,"dbfId":46715,"flavor":"Forecast:\"Cloudywithachanceoffireballs.\"","id":"GIL_147","mechanics":["ImmuneToSpellpower"],"name":"Cinderstorm","rarity":"RARE","set":"GILNEAS","text":"Deal$5damagerandomlysplitamongallenemies.","type":"SPELL"},{"artist":"DaveAllsop","cardClass":"MAGE","collectible":true,"cost":2,"dbfId":47054,"flavor":"KnownthroughoutthelandastheSpooky-nomicon.","id":"GIL_548","name":"BookofSpecters","rarity":"EPIC","set":"GILNEAS","text":"Draw3cards.Discardanyspellsdrawn.","type":"SPELL"},{"artist":"AdamByrne","attack":5,"cardClass":"MAGE","collectible":true,"cost":6,"dbfId":47055,"elite":true,"flavor":"Justatwisttotheleft,onequarterturntotherightand…oops!Well,wedidn’tneedthattimelineanyway.","health":5,"id":"GIL_549","mechanics":["BATTLECRY"],"name":"Toki,Time-Tinker","rarity":"LEGENDARY","set":"GILNEAS","text":"[x]<b>Battlecry:</b>Addarandom\n<b>Legendary</b>minionfrom\nthepasttoyourhand.","type":"MINION"},{"artist":"AlexKonstad","attack":4,"cardClass":"MAGE","collectible":true,"cost":5,"dbfId":47429,"flavor":"Expertsworrythatcuriosareagatewaytoface-collecting.","health":4,"id":"GIL_640","mechanics":["TRIGGER_VISUAL"],"name":"CurioCollector","rarity":"RARE","set":"GILNEAS","text":"Wheneveryoudrawacard,gain+1/+1.","type":"MINION"},{"artist":"KonstantinTurovec","attack":5,"cardClass":"MAGE","collectible":true,"cost":5,"dbfId":47438,"flavor":"Nextstep:Marshmallowelementals.","health":5,"id":"GIL_645","mechanics":["BATTLECRY"],"name":"BonfireElemental","race":"ELEMENTAL","rarity":"RARE","set":"GILNEAS","text":"<b>Battlecry:</b>Ifyouplayedan Elementallastturn,drawacard.","type":"MINION"},{"artist":"A.J.Nazzaro","attack":3,"cardClass":"MAGE","collectible":true,"cost":4,"dbfId":47554,"flavor":"Asbirdsofillomen,thesecrowsoftensummonDoomsayers.","health":3,"id":"GIL_664","mechanics":["TRIGGER_VISUAL"],"name":"VexCrow","race":"BEAST","rarity":"COMMON","set":"GILNEAS","text":"Wheneveryoucastaspell,summonarandom\n2-Costminion.","type":"MINION"},{"artist":"JamesRyman","attack":2,"cardClass":"MAGE","collectible":true,"cost":2,"dbfId":47692,"elite":true,"flavor":"HisworgenchildrencallhimArchmageAROO-OO-OO-OO-gal.","health":2,"id":"GIL_691","mechanics":["TRIGGER_VISUAL"],"name":"ArchmageArugal","rarity":"LEGENDARY","set":"GILNEAS","text":"Wheneveryoudrawaminion,addacopyofitto yourhand.","type":"MINION"},{"artist":"GonzaloOrdonez","cardClass":"MAGE","collectible":true,"cost":2,"dbfId":47821,"flavor":"Licktheiceblock.Itriple-double-dog-dare-you.","id":"GIL_801","name":"SnapFreeze","playRequirements":{"REQ_MINION_TARGET":0,"REQ_TARGET_TO_PLAY":0},"rarity":"COMMON","referencedTags":["FREEZE"],"set":"GILNEAS","text":"<b>Freeze</b>aminion.\nIfit'salready<b>Frozen</b>,destroyit.","type":"SPELL"},{"artist":"JakubKasber","attack":3,"cardClass":"MAGE","collectible":true,"cost":3,"dbfId":48445,"flavor":"She'ssoodd,youcan'teven.","health":3,"id":"GIL_838","mechanics":["BATTLECRY","SPELLPOWER"],"name":"BlackCat","race":"BEAST","rarity":"COMMON","set":"GILNEAS","spellDamage":1,"text":"<b>SpellDamage+1</b>\n<b>Battlecry:</b>Ifyourdeckhasonlyodd-Costcards,drawacard.","type":"MINION"},{"artist":"JamesRyman","attack":1,"cardClass":"MAGE","collectible":true,"cost":2,"dbfId":42716,"flavor":"Ice<i>Walker</i>yousay?Hedoesn'thavefeet!","health":3,"id":"ICC_068","name":"IceWalker","race":"ELEMENTAL","rarity":"RARE","referencedTags":["FREEZE"],"set":"ICECROWN","text":"YourHeroPoweralso<b><b>Freeze</b>s</b>thetarget.","type":"MINION"},{"artist":"PaulMafayon","attack":2,"cardClass":"MAGE","collectible":true,"cost":4,"dbfId":42718,"flavor":"Wearingpurpleaftertheholidays?GHASTLY!","health":6,"id":"ICC_069","mechanics":["BATTLECRY"],"name":"GhastlyConjurer","rarity":"RARE","set":"ICECROWN","text":"<b>Battlecry:</b>Adda'MirrorImage'spelltoyourhand.","type":"MINION"},{"artist":"MikeSass","cardClass":"MAGE","collectible":true,"cost":3,"dbfId":42754,"flavor":"It'slikedéjàvu,timestwo.","id":"ICC_082","mechanics":["SECRET"],"name":"FrozenClone","rarity":"COMMON","set":"ICECROWN","text":"<b>Secret:</b>Afteryouropponentplaysaminion,addtwocopiesofitto yourhand.","type":"SPELL"},{"artist":"AlexHorleyOrlandelli","attack":3,"cardClass":"MAGE","collectible":true,"cost":3,"dbfId":42756,"flavor":"Jainawasnevergoodatkeepingupapprentices.","health":2,"id":"ICC_083","mechanics":["AURA"],"name":"DoomedApprentice","rarity":"RARE","set":"ICECROWN","text":"Youropponent'sspellscost(1)more.","type":"MINION"},{"artist":"EvgeniyDlinnov","cardClass":"MAGE","collectible":true,"cost":8,"dbfId":42760,"flavor":"Thesecretisinthefrosting.","id":"ICC_086","name":"GlacialMysteries","playRequirements":{"REQ_SECRET_ZONE_CAP_FOR_NON_SECRET":0},"rarity":"EPIC","referencedTags":["SECRET"],"set":"ICECROWN","text":"Putoneofeach<b>Secret</b>fromyourdeckinto\nthebattlefield.","type":"SPELL"},{"artist":"AndrewHou","attack":3,"cardClass":"MAGE","collectible":true,"cost":3,"dbfId":42836,"flavor":"He'sfreezinghisbonesoff!","health":4,"id":"ICC_252","mechanics":["BATTLECRY"],"name":"Coldwraith","playRequirements":{"REQ_FROZEN_TARGET":0,"REQ_MINION_TARGET":0},"rarity":"COMMON","referencedTags":["FREEZE"],"set":"ICECROWN","text":"<b>Battlecry:</b>Ifanenemyis<b>Frozen</b>,drawacard.","type":"MINION"},{"artist":"RaymondSwanland","cardClass":"MAGE","collectible":true,"cost":3,"dbfId":43193,"flavor":"It'slikedéjàvu,timestwo.","id":"ICC_823","name":"Simulacrum","rarity":"EPIC","set":"ICECROWN","text":"CopythelowestCostminioninyourhand.","type":"SPELL"},{"armor":5,"artist":"GlennRane","cardClass":"MAGE","collectible":true,"cost":9,"dbfId":43419,"elite":true,"flavor":"\"Arthaswasaspoiledchild,playingwithtoyshecouldneithercontrolnorunderstand.Comeintothecold.IwillshowyouthetruepoweroftheFrozenThrone.\"","health":30,"id":"ICC_833","mechanics":["BATTLECRY"],"name":"FrostLichJaina","rarity":"LEGENDARY","referencedTags":["LIFESTEAL"],"set":"ICECROWN","text":"[x]<b>Battlecry:</b>Summona\n3/6WaterElemental.\nYourElementalshave\n<b>Lifesteal</b>thisgame.","type":"HERO"},{"artist":"EricBraddock","cardClass":"MAGE","collectible":true,"cost":1,"dbfId":43502,"flavor":"IsitcoldinhereorisitjustSindragosa?","id":"ICC_836","name":"BreathofSindragosa","playRequirements":{"REQ_MINIMUM_ENEMY_MINIONS":1},"rarity":"COMMON","referencedTags":["FREEZE"],"set":"ICECROWN","text":"Deal$2damagetoarandomenemyminionand<b>Freeze</b>it.","type":"SPELL"},{"artist":"AlexHorleyOrlandelli","attack":8,"cardClass":"MAGE","collectible":true,"cost":8,"dbfId":43506,"elite":true,"flavor":"\"IrecognizeyoureffortbutIthinkyourmagicstillhasroomforimprovement.\"-Sindragosaaftertakingaclassongivingconstructivefeedback.","health":8,"id":"ICC_838","mechanics":["BATTLECRY"],"name":"Sindragosa","race":"DRAGON","rarity":"LEGENDARY","set":"ICECROWN","text":"<b>Battlecry:</b>Summontwo0/1FrozenChampions.","type":"MINION"},{"artist":"MattDixon","cardClass":"MAGE","collectible":true,"cost":3,"dbfId":43407,"flavor":"Sometimesit'ssaferNOTtoreadthewarningsigns.","id":"LOOT_101","mechanics":["SECRET","ImmuneToSpellpower"],"name":"ExplosiveRunes","rarity":"RARE","set":"LOOTAPALOOZA","text":"<b>Secret:</b>Afteryouropponentplaysaminion,deal$6damagetoitandanyexcesstotheirhero.","type":"SPELL"},{"artist":"ZoltanBoros","cardClass":"MAGE","collectible":true,"collectionText":"Add1randomMagespelltoyourhand.<i>(Play2Elementalsto upgrade.)</i>","cost":2,"dbfId":43414,"flavor":"Thefinalstoneundiditsmaster\nSpunintowardsbynamelesscaster\nAzariwailedasavageroar\nNowsealedinnether,evermore.","id":"LOOT_103","name":"LesserRubySpellstone","rarity":"RARE","set":"LOOTAPALOOZA","text":"Add1randomMagespelltoyourhand.@<i>(Play2Elementalsto upgrade.)</i>","type":"SPELL"},{"artist":"ArthurBozonnet","cardClass":"MAGE","collectible":true,"cost":0,"dbfId":43420,"flavor":"Nextturn,thisisgoingtobeAMAZING.","hideStats":true,"id":"LOOT_104","name":"ShiftingScroll","playRequirements":{"REQ_CANNOT_PLAY_THIS":0},"rarity":"COMMON","set":"LOOTAPALOOZA","text":"Eachturnthisisinyourhand,transformitintoarandomMagespell.","type":"SPELL"},{"artist":"EfremPalacios","cardClass":"MAGE","collectible":true,"cost":5,"dbfId":43424,"flavor":"\"Pickacard,anycard.Wait!No!Notthatone!\"-Lastwordsofpreviousowner","id":"LOOT_106","name":"DeckofWonders","rarity":"EPIC","set":"LOOTAPALOOZA","text":"Shuffle5Scrollsintoyourdeck.Whendrawn,castarandomspell.","type":"SPELL"},{"artist":"IzzyHoover","attack":0,"cardClass":"MAGE","collectible":true,"cost":6,"dbfId":43426,"durability":3,"elite":true,"flavor":"PHENOMENALARCANEPOWER…ittybittylivingspace.","id":"LOOT_108","mechanics":["TRIGGER_VISUAL","InvisibleDeathrattle"],"name":"Aluneth","rarity":"LEGENDARY","set":"LOOTAPALOOZA","text":"Attheendofyourturn,draw3cards.","type":"WEAPON"},{"artist":"EvaWildermann","attack":2,"cardClass":"MAGE","collectible":true,"cost":2,"dbfId":45269,"flavor":"Quoththeraven,'Doesyourscostmore?'","health":2,"id":"LOOT_170","mechanics":["BATTLECRY"],"name":"RavenFamiliar","race":"BEAST","rarity":"COMMON","set":"LOOTAPALOOZA","text":"<b>Battlecry:</b>Revealaspellineachdeck.Ifyourscostsmore,drawit.","type":"MINION"},{"artist":"AndrewHou","cardClass":"MAGE","collectible":true,"cost":5,"dbfId":45271,"flavor":"“C’monHucklemuck.She’llnevernoticeifwetakejustonelittlecoin.”","id":"LOOT_172","mechanics":["AFFECTED_BY_SPELL_POWER"],"name":"Dragon'sFury","rarity":"EPIC","set":"LOOTAPALOOZA","text":"Revealaspellfromyourdeck.DealdamageequaltoitsCosttoall minions.","type":"SPELL"},{"artist":"ArthurGimaldinov","attack":1,"cardClass":"MAGE","collectible":true,"cost":1,"dbfId":45590,"flavor":"Etherealarmordissipatesin6hourswhichcancauseextremeawkwardnessforfirsttimebuyers.","health":2,"id":"LOOT_231","mechanics":["TRIGGER_VISUAL"],"name":"ArcaneArtificer","race":"ELEMENTAL","rarity":"COMMON","set":"LOOTAPALOOZA","text":"Wheneveryoucastaspell,gainArmorequaltoits Cost.","type":"MINION"},{"artist":"JamesRyman","attack":3,"cardClass":"MAGE","collectible":true,"cost":9,"dbfId":46499,"elite":true,"flavor":"Hersecretisusingagentlevoiceandcarryingabaggieofhotdogs.","health":3,"id":"LOOT_535","mechanics":["BATTLECRY"],"name":"DragoncallerAlanna","rarity":"LEGENDARY","set":"LOOTAPALOOZA","text":"<b>Battlecry:</b>Summona5/5Dragonforeachspellyoucastthisgamethatcosts(5)ormore.","type":"MINION"},{"artist":"ArthurBozonnet","attack":4,"cardClass":"MAGE","collectible":true,"cost":4,"dbfId":46541,"flavor":"Theshortestdistancebetweentwopointsisaleyline.","health":5,"id":"LOOT_537","mechanics":["BATTLECRY"],"name":"LeylineManipulator","race":"ELEMENTAL","rarity":"RARE","set":"LOOTAPALOOZA","text":"<b>Battlecry:</b>Ifyou'reholdinganycardsthatdidn'tstartinyourdeck,reducetheirCostby(2).","type":"MINION"},{"artist":"BlizzardCinematics","attack":1,"cardClass":"MAGE","collectible":true,"cost":2,"dbfId":405,"flavor":"Thesewyrmsfeedonarcaneenergies,andwhiletheyaregenerallyconsideredanuisanceratherthanarealthreat,youreallyshouldn'tleavethemalonewithabucketofmana.","health":3,"id":"NEW1_012","mechanics":["TRIGGER_VISUAL"],"name":"ManaWyrm","rarity":"COMMON","set":"EXPERT1","text":"Wheneveryoucastaspell,gain+1Attack.","type":"MINION"},{"artist":"GonzaloOrdonez","cardClass":"MAGE","collectible":true,"cost":3,"dbfId":366,"flavor":"Whileit'sfuntointerceptenemylightningbolts,aspellbendermuchpreferstointerceptopposingMarksoftheWild.Itjustfeelsmeaner.Andbloodelves...well,they'realittlemean.","id":"tt_010","mechanics":["SECRET"],"name":"Spellbender","rarity":"EPIC","set":"EXPERT1","text":"<b>Secret:</b>Whenanenemycastsaspellonaminion,summona1/3asthenewtarget.","type":"SPELL"},{"artist":"ChrisSeaman","cardClass":"MAGE","collectible":true,"cost":2,"dbfId":41151,"flavor":"Oh,awisegeysereh?","id":"UNG_018","name":"FlameGeyser","playRequirements":{"REQ_TARGET_TO_PLAY":0},"rarity":"COMMON","set":"UNGORO","text":"Deal$2damage.\nAdda1/2Elementalto yourhand.","type":"SPELL"},{"artist":"EvaWidermann","attack":2,"cardClass":"MAGE","collectible":true,"cost":2,"dbfId":41153,"flavor":"Whatdidyoudraw?Shhhh…it’sasecret.","health":3,"id":"UNG_020","mechanics":["BATTLECRY"],"name":"Arcanologist","rarity":"COMMON","referencedTags":["SECRET"],"set":"UNGORO","text":"<b>Battlecry:</b>Drawa<b>Secret</b>fromyourdeck.","type":"MINION"},{"artist":"JakubKasber","attack":5,"cardClass":"MAGE","collectible":true,"cost":4,"dbfId":41154,"flavor":"ExplorersnicknamedhimtheTeapotElemental.","health":4,"id":"UNG_021","mechanics":["BATTLECRY"],"name":"SteamSurger","race":"ELEMENTAL","rarity":"RARE","set":"UNGORO","text":"[x]<b>Battlecry:</b>Ifyouplayed\nanElementallastturn,\nadda'FlameGeyser'\ntoyourhand.","type":"MINION"},{"artist":"IzzyHoover","cardClass":"MAGE","collectible":true,"cost":3,"dbfId":41158,"flavor":"Nicespell.YOINK!","id":"UNG_024","mechanics":["SECRET"],"name":"ManaBind","rarity":"RARE","set":"UNGORO","text":"<b>Secret:</b>Whenyouropponentcastsaspell,addacopytoyourhandthatcosts(0).","type":"SPELL"},{"artist":"MikeSass","attack":2,"cardClass":"MAGE","collectible":true,"cost":2,"dbfId":41162,"elite":true,"flavor":"Ifyoustrikeherdown,sheshallbecomemorepowerfulthanyoucanpossibly…well,she'llbecomea6/6anyways.","health":2,"id":"UNG_027","mechanics":["DEATHRATTLE"],"name":"Pyros","race":"ELEMENTAL","rarity":"LEGENDARY","set":"UNGORO","text":"<b>Deathrattle:</b>Returnthisto yourhandasa6/6thatcosts(6).","type":"MINION"},{"artist":"RafaelZanchetin","cardClass":"MAGE","collectible":true,"cost":1,"dbfId":41168,"elite":true,"flavor":"Althoughpowerful,theincantationissimple.It’sjustajumptotheleft,andthenasteptotheright.","id":"UNG_028","mechanics":["QUEST"],"name":"OpentheWaygate","questReward":"UNG_028t","rarity":"LEGENDARY","set":"UNGORO","text":"[x]<b>Quest:</b>Cast6spellsthat\ndidn'tstartinyourdeck.\n<b>Reward:</b>TimeWarp.","type":"SPELL"},{"artist":"LucaZontini","attack":2,"cardClass":"MAGE","collectible":true,"cost":2,"dbfId":41927,"flavor":"HATESbeingsummonedforKirinTorpartylighting.","health":1,"id":"UNG_846","mechanics":["DEATHRATTLE"],"name":"ShimmeringTempest","race":"ELEMENTAL","rarity":"COMMON","set":"UNGORO","text":"<b>Deathrattle:</b>AddarandomMagespelltoyourhand.","type":"MINION"},{"artist":"MatthewO'Connor","cardClass":"MAGE","collectible":true,"cost":2,"dbfId":41496,"flavor":"It'stheAncientTol'virsymbolfor\"Whoops!\"","id":"UNG_941","name":"PrimordialGlyph","rarity":"EPIC","referencedTags":["DISCOVER"],"set":"UNGORO","text":"<b>Discover</b>aspell.ReduceitsCostby(2).","type":"SPELL"},{"artist":"L.Lullabi&K.Turovec","cardClass":"MAGE","collectible":true,"cost":4,"dbfId":41690,"flavor":"Dang,I'mlookingprettyhot!","id":"UNG_948","name":"MoltenReflection","playRequirements":{"REQ_FRIENDLY_TARGET":0,"REQ_MINION_TARGET":0,"REQ_TARGET_TO_PLAY":0},"rarity":"RARE","set":"UNGORO","text":"Chooseafriendlyminion.Summonacopyofit.","type":"SPELL"},{"artist":"MattGaser","cardClass":"MAGE","collectible":true,"cost":6,"dbfId":41878,"flavor":"Whenyouabsolutely,positivelyhavetokillallthedinosaurs.","id":"UNG_955","name":"Meteor","playRequirements":{"REQ_MINION_TARGET":0,"REQ_TARGET_TO_PLAY":0},"rarity":"EPIC","set":"UNGORO","text":"Deal$15damagetoaminionand$3damagetoadjacentones.","type":"SPELL"}]