[{"artist":"JiajunTian","cardClass":"PALADIN","collectible":true,"cost":5,"dbfId":48644,"flavor":"Actuallyworksbyenlargingtherestoftheworld.","id":"BOT_234","name":"ShrinkRay","rarity":"RARE","set":"BOOMSDAY","text":"SettheAttackandHealthofallminions\nto1.","type":"SPELL"},{"artist":"JamesRyman","attack":1,"cardClass":"PALADIN","collectible":true,"cost":2,"dbfId":48637,"elite":true,"flavor":"Hewantstotank,butBoomalwaysmakeshimplaysupport.","health":2,"id":"BOT_236","mechanics":["DIVINE_SHIELD","LIFESTEAL"],"name":"CrystalsmithKangor","rarity":"LEGENDARY","set":"BOOMSDAY","text":"<b>DivineShield</b>,<b>Lifesteal</b>\nYourhealingisdoubled.","type":"MINION"},{"artist":"CicilyHe","cardClass":"PALADIN","collectible":true,"cost":4,"dbfId":48764,"flavor":"Minedexclusivelyfromthedarksideofthemoon.","id":"BOT_436","name":"PrismaticLens","playRequirements":{"REQ_FRIENDLY_TARGET":0,"REQ_MINION_TARGET":0},"rarity":"EPIC","set":"BOOMSDAY","text":"Drawaminionandaspellfromyourdeck.SwaptheirCosts.","type":"SPELL"},{"artist":"HideakiTakamura","attack":0,"cardClass":"PALADIN","collectible":true,"cost":5,"dbfId":49169,"flavor":"Whenyouneedmoreironinyourdiet.","health":5,"id":"BOT_537","mechanics":["DEATHRATTLE"],"name":"Mechano-Egg","race":"MECHANICAL","rarity":"COMMON","set":"BOOMSDAY","text":"<b>Deathrattle:</b>Summonan8/8Robosaur.","type":"MINION"},{"artist":"MikeAzevedo","attack":1,"cardClass":"PALADIN","collectible":true,"cost":1,"dbfId":48982,"flavor":"Theytriedforweekstomakeastealthversion,buteventuallydecidedtojustletitglow.","health":3,"id":"BOT_906","mechanics":["MODULAR"],"name":"Glow-Tron","race":"MECHANICAL","rarity":"COMMON","set":"BOOMSDAY","text":"<b>Magnetic</b>","type":"MINION"},{"artist":"Zero","cardClass":"PALADIN","collectible":true,"cost":1,"dbfId":48984,"flavor":"Wecallitthebubblemachine.","id":"BOT_908","mechanics":["SECRET"],"name":"AutodefenseMatrix","rarity":"COMMON","referencedTags":["DIVINE_SHIELD"],"set":"BOOMSDAY","text":"<b>Secret:</b>Whenoneofyourminionsisattacked,giveit<b>DivineShield</b>.","type":"SPELL"},{"artist":"TylerWestStudio","cardClass":"PALADIN","collectible":true,"cost":2,"dbfId":48985,"flavor":"\"TheLightisneitheraparticlenorawave.It'smoreofajuice,really.\"","id":"BOT_909","name":"Crystology","rarity":"RARE","set":"BOOMSDAY","text":"[x]Drawtwo1-Attack\nminionsfromyourdeck.","type":"SPELL"},{"artist":"AntonZemskov","attack":3,"cardClass":"PALADIN","collectible":true,"cost":6,"dbfId":48989,"flavor":"\"Windell!Morelight!\"\n\"I'mgivin'itallshe'sgot,Kangor!\"","health":4,"id":"BOT_910","mechanics":["BATTLECRY"],"name":"GlowstoneTechnician","rarity":"EPIC","set":"BOOMSDAY","text":"<b>Battlecry:</b>Giveallminionsinyourhand+2/+2.","type":"MINION"},{"artist":"MattDixon","attack":2,"cardClass":"PALADIN","collectible":true,"cost":4,"dbfId":48993,"flavor":"Everytensecondsitasksifyouwanttoupdate.","health":4,"id":"BOT_911","mechanics":["DIVINE_SHIELD","MODULAR","TAUNT"],"name":"Annoy-o-Module","race":"MECHANICAL","rarity":"RARE","set":"BOOMSDAY","text":"<b>Magnetic</b>\n<b>DivineShield</b>\n<b>Taunt</b>","type":"MINION"},{"artist":"DaiYang","cardClass":"PALADIN","collectible":true,"cost":7,"dbfId":49009,"elite":true,"flavor":"\"That'sthree,Kangor.Threeisn'tendless.\"\n-CountessAshmore","id":"BOT_912","name":"Kangor'sEndlessArmy","playRequirements":{"REQ_FRIENDLY_MINIONS_OF_RACE_DIED_THIS_GAME":17,"REQ_NUM_MINION_SLOTS":1},"rarity":"LEGENDARY","referencedTags":["MODULAR"],"set":"BOOMSDAY","text":"Resurrect3friendlyMechs.Theykeepany<b>Magnetic</b>upgrades.","type":"SPELL"},{"artist":"ZoltanBoros","cardClass":"PALADIN","collectible":true,"cost":1,"dbfId":70,"flavor":"\"Asin,youMIGHTwanttogetoutofmyway.\"-ToadMackle,recentlybuffed.","howToEarn":"UnlockedatLevel1.","howToEarnGolden":"UnlockedatLevel45.","id":"CS2_087","name":"BlessingofMight","playRequirements":{"REQ_MINION_TARGET":0,"REQ_TARGET_TO_PLAY":0},"rarity":"FREE","set":"CORE","text":"Giveaminion+3 Attack.","type":"SPELL"},{"artist":"E.M.Gist","attack":5,"cardClass":"PALADIN","collectible":true,"cost":7,"dbfId":1068,"flavor":"Holybeingsfromthebeyondaresocliché!","health":6,"howToEarn":"UnlockedatLevel8.","howToEarnGolden":"UnlockedatLevel47.","id":"CS2_088","mechanics":["BATTLECRY"],"name":"GuardianofKings","rarity":"FREE","set":"CORE","text":"<b>Battlecry:</b>Restore#6Healthtoyourhero.","type":"MINION"},{"artist":"Zoltan&Gabor","cardClass":"PALADIN","collectible":true,"cost":2,"dbfId":291,"flavor":"IfyouareoftenbathedinHolyLight,youshouldconsiderwearingsunscreen.","howToEarn":"UnlockedatLevel1.","howToEarnGolden":"UnlockedatLevel15.","id":"CS2_089","name":"HolyLight","playRequirements":{"REQ_TARGET_TO_PLAY":0},"rarity":"FREE","set":"CORE","text":"Restore#6Health.","type":"SPELL"},{"artist":"GlennRane","attack":1,"cardClass":"PALADIN","collectible":true,"cost":1,"dbfId":383,"durability":4,"flavor":"PrinceMalchezaarwasacollectorofrareweapons.He'danimatethemandhavethemdanceforhim.","howToEarn":"UnlockedatLevel1.","howToEarnGolden":"UnlockedatLevel36.","id":"CS2_091","name":"Light'sJustice","rarity":"FREE","set":"CORE","type":"WEAPON"},{"artist":"LucasGraciano","cardClass":"PALADIN","collectible":true,"cost":4,"dbfId":943,"flavor":"Giventhenumberofkingswhohavebeenassassinated,areyousureyouwanttheirblessing?","howToEarn":"UnlockedatLevel10.","howToEarnGolden":"UnlockedatLevel49.","id":"CS2_092","name":"BlessingofKings","playRequirements":{"REQ_MINION_TARGET":0,"REQ_TARGET_TO_PLAY":0},"rarity":"FREE","set":"CORE","text":"Giveaminion+4/+4.<i>(+4Attack/+4Health)</i>","type":"SPELL"},{"artist":"VanceKovacs","cardClass":"PALADIN","collectible":true,"cost":4,"dbfId":476,"flavor":"ConsecratedgroundglowswithHolyenergy.Butitsmellsalittle,too.","howToEarn":"UnlockedatLevel4.","howToEarnGolden":"UnlockedatLevel43.","id":"CS2_093","name":"Consecration","rarity":"FREE","set":"CORE","text":"Deal$2damagetoall enemies.","type":"SPELL"},{"artist":"EfremPalacios","cardClass":"PALADIN","collectible":true,"cost":4,"dbfId":250,"flavor":"Agoodpaladinhasmanytools.HammerofWrath,PliersofVengeance,HacksawofJustice,etc.","howToEarn":"UnlockedatLevel1.","howToEarnGolden":"UnlockedatLevel32.","id":"CS2_094","name":"HammerofWrath","playRequirements":{"REQ_TARGET_TO_PLAY":0},"rarity":"FREE","set":"CORE","text":"Deal$3damage.\nDrawacard.","type":"SPELL"},{"artist":"RyanSook","attack":4,"cardClass":"PALADIN","collectible":true,"cost":4,"dbfId":847,"durability":2,"flavor":"ItSlices,itDices.Youcancutatincanwithit.(Butyouwouldn'twantto.)","howToEarn":"UnlockedatLevel2.","howToEarnGolden":"UnlockedatLevel40.","id":"CS2_097","mechanics":["TRIGGER_VISUAL"],"name":"TruesilverChampion","rarity":"FREE","set":"CORE","text":"Wheneveryourheroattacks,restore#2 Healthtoit.","type":"WEAPON"},{"artist":"Zoltan&Gabor","cardClass":"PALADIN","collectible":true,"cost":1,"dbfId":584,"flavor":"Wewillalwaysrememberyou,\"Defender!\"","id":"EX1_130","mechanics":["SECRET"],"name":"NobleSacrifice","rarity":"COMMON","set":"EXPERT1","text":"<b>Secret:</b>Whenanenemyattacks,summona2/1Defenderasthenewtarget.","type":"SPELL"},{"artist":"JamesRyman","cardClass":"PALADIN","collectible":true,"cost":1,"dbfId":462,"flavor":"Justicesometimestakestheformofaclosedfistintoasoftcheek.","id":"EX1_132","mechanics":["SECRET"],"name":"EyeforanEye","rarity":"COMMON","set":"EXPERT1","text":"<b>Secret:</b>Whenyourherotakesdamage,deal thatmuchdamagetotheenemyhero.","type":"SPELL"},{"artist":"Ittoku","cardClass":"PALADIN","collectible":true,"cost":1,"dbfId":140,"flavor":"Iamnotsurehowyougetdemptionedthefirsttime.It’samystery!","id":"EX1_136","mechanics":["SECRET"],"name":"Redemption","rarity":"COMMON","set":"EXPERT1","text":"<b>Secret:</b>Whenafriendlyminiondies,returnittolifewith1Health.","type":"SPELL"},{"artist":"LucasGraciano","cardClass":"PALADIN","collectible":true,"cost":3,"dbfId":679,"flavor":"Thisisnotjustafavor,butadivineone,likehelpingsomeonemoveacouchwithafoldoutbed!","id":"EX1_349","name":"DivineFavor","rarity":"RARE","set":"EXPERT1","text":"Drawcardsuntilyouhaveasmanyinhandasyouropponent.","type":"SPELL"},{"artist":"RaymondSwanland","cardClass":"PALADIN","collectible":true,"cost":8,"dbfId":594,"flavor":"Agrammaticallyawkwardlifesaver.","id":"EX1_354","name":"LayonHands","playRequirements":{"REQ_TARGET_TO_PLAY":0},"rarity":"EPIC","set":"EXPERT1","text":"Restore#8Health.Draw 3cards.","type":"SPELL"},{"artist":"TylerWalpole","cardClass":"PALADIN","collectible":true,"cost":5,"dbfId":1522,"flavor":"ThiscardcausesdoublethetroubleANDdoublethefun.","id":"EX1_355","name":"BlessedChampion","playRequirements":{"REQ_MINION_TARGET":0,"REQ_TARGET_TO_PLAY":0},"rarity":"RARE","set":"EXPERT1","text":"Doubleaminion'sAttack.","type":"SPELL"},{"artist":"DarenBader","cardClass":"PALADIN","collectible":true,"cost":1,"dbfId":854,"flavor":"Thiscardmakessomethingreallydamp.Ohwait.That's\"Humidity.\"","howToEarn":"UnlockedatLevel6.","howToEarnGolden":"UnlockedatLevel28.","id":"EX1_360","name":"Humility","playRequirements":{"REQ_MINION_TARGET":0,"REQ_TARGET_TO_PLAY":0},"rarity":"FREE","set":"CORE","text":"Changeaminion'sAttackto1.","type":"SPELL"},{"artist":"DougAlexander","attack":2,"cardClass":"PALADIN","collectible":true,"cost":2,"dbfId":1022,"flavor":"\"I'mnotsayingyoucandodgefireballs.I'msayingwiththisshield,youwon'thaveto.\"","health":2,"id":"EX1_362","mechanics":["BATTLECRY"],"name":"ArgentProtector","playRequirements":{"REQ_FRIENDLY_TARGET":0,"REQ_MINION_TARGET":0,"REQ_NONSELF_TARGET":0,"REQ_TARGET_IF_AVAILABLE":0},"rarity":"COMMON","referencedTags":["DIVINE_SHIELD"],"set":"EXPERT1","targetingArrowText":"Give<b>DivineShield</b>.","text":"<b>Battlecry:</b>Giveafriendlyminion<b>DivineShield</b>.","type":"MINION"},{"artist":"Chippy","cardClass":"PALADIN","collectible":true,"cost":1,"dbfId":1373,"flavor":"Apparentlywithwisdomcomestheknowledgethatyoushouldprobablybeattackingeveryturn.","id":"EX1_363","name":"BlessingofWisdom","playRequirements":{"REQ_MINION_TARGET":0,"REQ_TARGET_TO_PLAY":0},"rarity":"COMMON","set":"EXPERT1","text":"Chooseaminion.Wheneveritattacks,drawacard.","type":"SPELL"},{"artist":"JustinSweet","cardClass":"PALADIN","collectible":true,"cost":5,"dbfId":435,"flavor":"C'monMoltenGiant!!","id":"EX1_365","mechanics":["AFFECTED_BY_SPELL_POWER"],"name":"HolyWrath","playRequirements":{"REQ_TARGET_TO_PLAY":0},"rarity":"RARE","set":"EXPERT1","text":"Drawacardanddeal damageequalto itsCost.","type":"SPELL"},{"artist":"EfremPalacios","attack":1,"cardClass":"PALADIN","collectible":true,"cost":3,"dbfId":643,"durability":5,"flavor":"IdubyouSirLoinofBeef!","id":"EX1_366","mechanics":["TRIGGER_VISUAL"],"name":"SwordofJustice","rarity":"EPIC","set":"EXPERT1","text":"Afteryousummonaminion,giveit+1/+1andthisloses1 Durability.","type":"WEAPON"},{"artist":"ClintLangley","cardClass":"PALADIN","collectible":true,"cost":1,"dbfId":727,"flavor":"Thisspellhasbeenrenamedsomanytimes,evenpaladinsdon’tknowwhatitshouldbecalledanymore.","howToEarn":"UnlockedatLevel1.","howToEarnGolden":"UnlockedatLevel23.","id":"EX1_371","name":"HandofProtection","playRequirements":{"REQ_MINION_TARGET":0,"REQ_TARGET_TO_PLAY":0},"rarity":"FREE","referencedTags":["DIVINE_SHIELD"],"set":"CORE","text":"Giveaminion<b>DivineShield</b>.","type":"SPELL"},{"artist":"GonzaloOrdonez","cardClass":"PALADIN","collectible":true,"cost":1,"dbfId":232,"flavor":"Repentanceoftencomesinthemomentbeforeobliteration.Curious.","id":"EX1_379","mechanics":["SECRET"],"name":"Repentance","rarity":"COMMON","set":"EXPERT1","text":"<b>Secret:</b>Afteryouropponentplaysaminion,reduceitsHealthto1.","type":"SPELL"},{"artist":"DanyOrizio","attack":3,"cardClass":"PALADIN","collectible":true,"cost":3,"dbfId":1167,"flavor":"TheAldorhatetwothings:theScryersandsmoothjazz.","health":3,"id":"EX1_382","mechanics":["BATTLECRY"],"name":"AldorPeacekeeper","playRequirements":{"REQ_ENEMY_TARGET":0,"REQ_MINION_TARGET":0,"REQ_TARGET_IF_AVAILABLE":0},"rarity":"RARE","set":"EXPERT1","targetingArrowText":"ChangeAttackto1.","text":"<b>Battlecry:</b>Changean enemyminion'sAttackto1.","type":"MINION"},{"artist":"Brom","attack":6,"cardClass":"PALADIN","collectible":true,"cost":8,"dbfId":890,"elite":true,"flavor":"Ifyouhaven'theardtheTirionFordringthemesong,it'sbecauseitdoesn'texist.","health":6,"id":"EX1_383","mechanics":["DEATHRATTLE","DIVINE_SHIELD","TAUNT"],"name":"TirionFordring","rarity":"LEGENDARY","set":"EXPERT1","text":"<b><b>DivineShield</b>,</b><b>Taunt</b><b>Deathrattle:</b>Equipa5/3 Ashbringer.","type":"MINION"},{"artist":"AlexGarner","cardClass":"PALADIN","collectible":true,"cost":6,"dbfId":1174,"flavor":"Wham!Wham!Wham!Wham!Wham!Wham!Wham!Wham!","id":"EX1_384","mechanics":["ImmuneToSpellpower"],"name":"AvengingWrath","rarity":"EPIC","set":"EXPERT1","text":"Deal$8damagerandomlysplitamongallenemies.","type":"SPELL"},{"artist":"MichalIvan","cardClass":"PALADIN","collectible":true,"cost":2,"dbfId":756,"flavor":"Weareallspecialuniquesnowflakes...with1Health.","id":"EX1_619","name":"Equality","rarity":"RARE","set":"EXPERT1","text":"ChangetheHealthofALLminionsto1.","type":"SPELL"},{"artist":"MilvojCeran","cardClass":"PALADIN","collectible":true,"cost":2,"dbfId":46713,"flavor":"Weirdly,thebellsstopringingafter5.","id":"GIL_145","mechanics":["ECHO"],"name":"SoundtheBells!","playRequirements":{"REQ_MINION_TARGET":0,"REQ_TARGET_TO_PLAY":0},"rarity":"COMMON","set":"GILNEAS","text":"<b>Echo</b>\nGiveaminion+1/+2.","type":"SPELL"},{"artist":"TylerWestStudio","cardClass":"PALADIN","collectible":true,"cost":2,"dbfId":46621,"flavor":"Whenonebukejustisn’tenough.","id":"GIL_203","name":"Rebuke","rarity":"COMMON","set":"GILNEAS","text":"Enemyspellscost(5)morenextturn.","type":"SPELL"},{"artist":"ZoltanBoros","attack":3,"cardClass":"PALADIN","collectible":true,"cost":5,"dbfId":47051,"flavor":"MaybeweshouldhavecalledhimGhostlyRusher.","health":4,"id":"GIL_545","mechanics":["DIVINE_SHIELD","RUSH"],"name":"GhostlyCharger","rarity":"COMMON","set":"GILNEAS","text":"<b>DivineShield</b>\n<b>Rush</b>","type":"MINION"},{"artist":"NutchapolThitinunthakorn","attack":3,"cardClass":"PALADIN","collectible":true,"cost":8,"dbfId":47201,"durability":4,"flavor":"Silver’smalleabilitylimitsitsutilityasanedgedweapon.Ontheotherhand...SHINY!","id":"GIL_596","mechanics":["TRIGGER_VISUAL"],"name":"SilverSword","rarity":"RARE","set":"GILNEAS","text":"Afteryourheroattacks,giveyourminions+1/+1.","type":"WEAPON"},{"artist":"AndrewHou","attack":3,"cardClass":"PALADIN","collectible":true,"cost":4,"dbfId":47405,"flavor":"\"Whoareyou?Eh,noneofmybusiness.\"","health":4,"id":"GIL_634","mechanics":["BATTLECRY","DEATHRATTLE"],"name":"BellringerSentry","rarity":"RARE","referencedTags":["SECRET"],"set":"GILNEAS","text":"<b>BattlecryandDeathrattle:</b>Puta<b>Secret</b>fromyourdeckintothebattlefield.","type":"MINION"},{"artist":"JakubKasper","attack":2,"cardClass":"PALADIN","collectible":true,"cost":2,"dbfId":47416,"flavor":"Flylikeaneagle,droplikearock.","health":2,"id":"GIL_635","mechanics":["BATTLECRY"],"name":"CathedralGargoyle","rarity":"EPIC","referencedTags":["DIVINE_SHIELD","TAUNT"],"set":"GILNEAS","text":"<b>Battlecry:</b>Ifyou'reholdingaDragon,gain<b>Taunt</b>and<b>DivineShield</b>.","type":"MINION"},{"artist":"JamesRyman","attack":2,"cardClass":"PALADIN","collectible":true,"cost":3,"dbfId":47614,"flavor":"She’sallfunandgamesuntilsomeoneringsthatstupidbell.","health":5,"id":"GIL_685","name":"ParagonofLight","rarity":"RARE","referencedTags":["LIFESTEAL","TAUNT"],"set":"GILNEAS","text":"Whilethisminionhas3ormoreAttack,ithas<b>Taunt</b>and<b>Lifesteal</b>.","type":"MINION"},{"artist":"JamesRyman","attack":5,"cardClass":"PALADIN","collectible":true,"cost":5,"dbfId":47696,"elite":true,"flavor":"\"Ihaveaveryparticularsetofskills.Skillsthatmakemeanightmareforwitcheslikeyou.\"","health":5,"id":"GIL_694","mechanics":["BATTLECRY"],"name":"PrinceLiam","rarity":"LEGENDARY","set":"GILNEAS","text":"[x]<b>Battlecry:</b>Transformall\n1-Costcardsinyourdeck\n into<b>Legendary</b>minions.","type":"MINION"},{"artist":"MattDixon","attack":4,"cardClass":"PALADIN","collectible":true,"cost":4,"dbfId":48107,"elite":true,"flavor":"Sheseemsscary,butshe'sgotaglassjaw.","health":3,"id":"GIL_817","mechanics":["DIVINE_SHIELD","TRIGGER_VISUAL"],"name":"TheGlassKnight","rarity":"LEGENDARY","set":"GILNEAS","text":"[x]<b>DivineShield</b>\nWheneveryourestoreHealth,\ngain<b>DivineShield</b>.","type":"MINION"},{"artist":"DariaTuzova","cardClass":"PALADIN","collectible":true,"cost":1,"dbfId":48832,"flavor":"Findyourownwisdom.Perhapsbehindthecouch.","id":"GIL_903","mechanics":["SECRET"],"name":"HiddenWisdom","rarity":"EPIC","set":"GILNEAS","text":"[x]<b>Secret:</b>Afteryour\nopponentplaysthree\ncardsinaturn,draw\n2cards.","type":"SPELL"},{"artist":"AntonZemskov","attack":5,"cardClass":"PALADIN","collectible":true,"cost":4,"dbfId":42462,"flavor":"Tobehonest,hewaskindofajerkevenBEFOREhewasbittenbythatghoul.","health":2,"id":"ICC_034","mechanics":["DEATHRATTLE"],"name":"ArrogantCrusader","rarity":"RARE","set":"ICECROWN","text":"<b>Deathrattle:</b>Ifit'syouropponent'sturn,summona2/2Ghoul.","type":"MINION"},{"artist":"EvgeniyDlinnov","attack":1,"cardClass":"PALADIN","collectible":true,"cost":1,"dbfId":42467,"flavor":"OriginalnamewasTubularProtector,butthisseemsmorebodacious.","health":1,"id":"ICC_038","mechanics":["DIVINE_SHIELD","TAUNT"],"name":"RighteousProtector","rarity":"COMMON","set":"ICECROWN","text":"<b>Taunt</b>\n<b>DivineShield</b>","type":"MINION"},{"artist":"ArthurGimalinov","cardClass":"PALADIN","collectible":true,"cost":2,"dbfId":42469,"flavor":"Inhiscourt,Utherisjudge,jury,ANDexecutioner…","id":"ICC_039","name":"DarkConviction","playRequirements":{"REQ_MINION_TARGET":0,"REQ_TARGET_TO_PLAY":0},"rarity":"COMMON","set":"ICECROWN","text":"Setaminion'sAttackandHealthto3.","type":"SPELL"},{"artist":"BenThompson","attack":1,"cardClass":"PALADIN","collectible":true,"cost":4,"dbfId":42735,"durability":4,"flavor":"Thesesorrowscutdeep.","id":"ICC_071","mechanics":["TRIGGER_VISUAL"],"name":"Light'sSorrow","rarity":"EPIC","referencedTags":["DIVINE_SHIELD"],"set":"ICECROWN","text":"Afterafriendlyminionloses<b>DivineShield</b>,gain+1Attack.","type":"WEAPON"},{"artist":"GraceLiu","cardClass":"PALADIN","collectible":true,"cost":2,"dbfId":42824,"flavor":"They'regratefulforthehelp,butmostminionswouldprefernotdyinginthefirstplace.","id":"ICC_244","name":"DesperateStand","playRequirements":{"REQ_MINION_TARGET":0,"REQ_TARGET_TO_PLAY":0},"rarity":"RARE","referencedTags":["DEATHRATTLE"],"set":"ICECROWN","text":"Giveaminion\"<b>Deathrattle:</b>Returnthistolifewith1Health.\"","type":"SPELL"},{"artist":"JamesRyman","attack":3,"cardClass":"PALADIN","collectible":true,"cost":6,"dbfId":42825,"flavor":"\"DidIevertellyouthestoryofwhenIsingle-handedlytookdowna29/29C'thun?\"-RenoJackson","health":9,"id":"ICC_245","mechanics":["TRIGGER_VISUAL"],"name":"Blackguard","rarity":"EPIC","set":"ICECROWN","text":"Wheneveryourheroishealed,dealthatmuchdamagetoarandomenemyminion.","type":"MINION"},{"artist":"MikeAzevedo","attack":2,"cardClass":"PALADIN","collectible":true,"cost":3,"dbfId":42948,"flavor":"Enlistmentinherbattalioncomeswithseveralpairsofearplugs.","health":2,"id":"ICC_801","mechanics":["BATTLECRY"],"name":"HowlingCommander","rarity":"RARE","referencedTags":["DIVINE_SHIELD"],"set":"ICECROWN","text":"<b>Battlecry:</b>Drawa<b>Divine Shield</b>minionfromyourdeck.","type":"MINION"},{"artist":"KevinChen","attack":3,"cardClass":"PALADIN","collectible":true,"cost":4,"dbfId":43127,"flavor":"Itslices,itdices,itvaporizes!TheChillbladewillmakeaChampionoutofeventhelowliestgnome.","health":2,"id":"ICC_820","mechanics":["CHARGE","LIFESTEAL"],"name":"ChillbladeChampion","rarity":"COMMON","set":"ICECROWN","text":"<b>Charge</b>\n<b>Lifesteal</b>","type":"MINION"},{"armor":5,"artist":"JamesRyman","cardClass":"PALADIN","collectible":true,"cost":9,"dbfId":43406,"elite":true,"flavor":"\"Stepforward.Confess!OnceIwasamereservantoftheLight.NowIalonestandinjudgement.\"","health":30,"id":"ICC_829","mechanics":["BATTLECRY"],"name":"UtheroftheEbonBlade","rarity":"LEGENDARY","referencedTags":["LIFESTEAL"],"set":"ICECROWN","text":"<b>Battlecry:</b>Equipa5/3<b>Lifesteal</b>weapon.","type":"HERO"},{"artist":"Tooth","attack":1,"cardClass":"PALADIN","collectible":true,"cost":5,"dbfId":45392,"elite":true,"flavor":"He'ssohotrightnow.","health":7,"id":"ICC_858","mechanics":["DIVINE_SHIELD","TRIGGER_VISUAL"],"name":"Bolvar,Fireblood","rarity":"LEGENDARY","set":"ICECROWN","text":"<b>DivineShield</b>\nAfterafriendlyminionloses <b>DivineShield</b>,gain+2Attack.","type":"MINION"},{"artist":"LukeMancini","cardClass":"PALADIN","collectible":true,"cost":2,"dbfId":43373,"flavor":"Alsoknownas\"LiquidCourage.\"","id":"LOOT_088","name":"PotionofHeroism","playRequirements":{"REQ_MINION_TARGET":0,"REQ_TARGET_TO_PLAY":0},"rarity":"COMMON","referencedTags":["DIVINE_SHIELD"],"set":"LOOTAPALOOZA","text":"Giveaminion<b>Divine Shield</b>.\nDrawacard.","type":"SPELL"},{"artist":"KonstantinTurovec","cardClass":"PALADIN","collectible":true,"collectionText":"Summona2/2Spiritwith<b>Taunt</b>.<i>(Restore3Healthtoupgrade.)</i>","cost":2,"dbfId":43382,"flavor":"Inagesold,whenAncientsbroke\nAzarioftheLegionspoke\nTotemptthemortals:gemsofpower\nTheweaksuccumbed,theirsoulsdevoured.","id":"LOOT_091","name":"LesserPearlSpellstone","playRequirements":{"REQ_MINION_TARGET":0},"rarity":"RARE","referencedTags":["TAUNT"],"set":"LOOTAPALOOZA","text":"Summona2/2Spiritwith<b>Taunt</b>.@<i>(Restore3Healthtoupgrade.)</i>","type":"SPELL"},{"artist":"KonstantinTurovec","cardClass":"PALADIN","collectible":true,"cost":5,"dbfId":43384,"flavor":"Morepersonalthanatexttoarms.","id":"LOOT_093","name":"CalltoArms","rarity":"EPIC","referencedTags":["RECRUIT"],"set":"LOOTAPALOOZA","text":"[x]<b>Recruit</b>3minionsthat\ncost(2)orless.","type":"SPELL"},{"artist":"TylerWestStudios","attack":1,"cardClass":"PALADIN","collectible":true,"cost":7,"dbfId":45539,"elite":true,"flavor":"Adietofpuremagicisgreatforthecomplexionbutwreakshavoconone'smood.","health":1,"id":"LOOT_216","mechanics":["BATTLECRY"],"name":"LynessaSunsorrow","rarity":"LEGENDARY","set":"LOOTAPALOOZA","text":"[x]<b>Battlecry:</b>Casteachspell\nyoucastonyourminions\nthisgameonthisone.","type":"MINION"},{"artist":"DanScott","attack":2,"cardClass":"PALADIN","collectible":true,"cost":3,"dbfId":45782,"durability":2,"entourage":["LOOT_286t2","LOOT_286t3","LOOT_286t1","LOOT_286t4"],"flavor":"Whenallyouhaveisanunidentifiedmaul,everythingelselookslikeanunidentifiednail.","id":"LOOT_286","name":"UnidentifiedMaul","rarity":"RARE","set":"LOOTAPALOOZA","text":"Gainsabonuseffectin yourhand.","type":"WEAPON"},{"artist":"JimNelson","attack":5,"cardClass":"PALADIN","collectible":true,"cost":6,"dbfId":45833,"flavor":"Standardissuerecruitgear:1silversword,1Lordaeroninsignia,2bagsofcrystalkibble.","health":5,"id":"LOOT_313","mechanics":["DIVINE_SHIELD"],"name":"CrystalLion","rarity":"RARE","set":"LOOTAPALOOZA","text":"[x]<b>DivineShield</b>\nCosts(1)lessforeachSilver\nHandRecruityoucontrol.","type":"MINION"},{"artist":"WayneReynolds","cardClass":"PALADIN","collectible":true,"cost":5,"dbfId":45877,"flavor":"Ding!\nGrats.","id":"LOOT_333","name":"LevelUp!","rarity":"EPIC","referencedTags":["TAUNT"],"set":"LOOTAPALOOZA","text":"GiveyourSilverHandRecruits+2/+2and <b>Taunt</b>.","type":"SPELL"},{"artist":"MattDixon","attack":1,"cardClass":"PALADIN","collectible":true,"cost":2,"dbfId":46007,"flavor":"Hardtime:6-10turnsforcandle-nappin'.","health":1,"id":"LOOT_363","mechanics":["DEATHRATTLE"],"name":"DrygulchJailor","rarity":"COMMON","set":"LOOTAPALOOZA","text":"<b>Deathrattle:</b>Add3Silver HandRecruitsto your hand.","type":"MINION"},{"artist":"WareLee","attack":2,"cardClass":"PALADIN","collectible":true,"cost":3,"dbfId":46258,"flavor":"Wish#1:funnelcakes.Wish#2:funnelcakes.Wish#3:FUNNELCAKES.","health":4,"id":"LOOT_398","mechanics":["TRIGGER_VISUAL"],"name":"BenevolentDjinn","race":"ELEMENTAL","rarity":"COMMON","set":"LOOTAPALOOZA","text":"Attheendofyourturn,restore#3Healthtoyour hero.","type":"MINION"},{"artist":"JamesRyman","attack":4,"cardClass":"PALADIN","collectible":true,"cost":6,"dbfId":46263,"durability":2,"elite":true,"flavor":"Recentlyunearthedinoneofthedeepestkoboldcaves.Tradedforalargecandle.","id":"LOOT_500","mechanics":["DEATHRATTLE"],"name":"Val'anyr","rarity":"LEGENDARY","set":"LOOTAPALOOZA","text":"<b>Deathrattle:</b>Giveaminioninyourhand+4/+2.Whenitdies,reequipthis.","type":"WEAPON"},{"artist":"AndrewHou","cardClass":"PALADIN","collectible":true,"cost":8,"dbfId":41130,"flavor":"Comeswithfriesandadrink.","id":"UNG_004","name":"Dinosize","playRequirements":{"REQ_MINION_TARGET":0,"REQ_TARGET_TO_PLAY":0},"rarity":"EPIC","set":"UNGORO","text":"Setaminion'sAttackandHealthto10.","type":"SPELL"},{"artist":"MattDixon","attack":2,"cardClass":"PALADIN","collectible":true,"cost":2,"dbfId":41139,"flavor":"Murlochydrologistsareprettyrare.Mostmurlocundergradspickcomputerscience.","health":2,"id":"UNG_011","mechanics":["BATTLECRY"],"name":"Hydrologist","race":"MURLOC","rarity":"COMMON","referencedTags":["DISCOVER","SECRET"],"set":"UNGORO","text":"<b>Battlecry:</b><b>Discover</b>a<b>Secret</b>.","type":"MINION"},{"artist":"MikeAzevedo","attack":3,"cardClass":"PALADIN","collectible":true,"cost":6,"dbfId":41145,"elite":true,"flavor":"Ironically,hisfavoritenumberis4.","health":7,"id":"UNG_015","mechanics":["BATTLECRY","TAUNT"],"name":"SunkeeperTarim","rarity":"LEGENDARY","set":"UNGORO","text":"<b>Taunt</b>\n<b>Battlecry:</b>Setallotherminions'AttackandHealthto3.","type":"MINION"},{"artist":"JoeWilson","attack":4,"cardClass":"PALADIN","collectible":true,"cost":7,"dbfId":41859,"durability":3,"flavor":"GeorgeandKarl!ThanktheLightwefoundyou!","id":"UNG_950","mechanics":["TRIGGER_VISUAL"],"name":"Vinecleaver","rarity":"RARE","set":"UNGORO","text":"[x]Afteryourheroattacks,\nsummontwo1/1Silver\nHandRecruits.","type":"WEAPON"},{"artist":"JimNelson","cardClass":"PALADIN","collectible":true,"cost":6,"dbfId":41864,"flavor":"Whatbeatscavalry?Dinosaurcavalry.","id":"UNG_952","name":"SpikeridgedSteed","playRequirements":{"REQ_MINION_TARGET":0,"REQ_TARGET_TO_PLAY":0},"rarity":"RARE","referencedTags":["TAUNT"],"set":"UNGORO","text":"Giveaminion+2/+6and<b>Taunt</b>.Whenitdies,summonaStegodon.","type":"SPELL"},{"artist":"MattDixon","attack":1,"cardClass":"PALADIN","collectible":true,"cost":2,"dbfId":41866,"flavor":"Sure,he'llreturnyourstuff.OVERHISDEADBODY!","health":2,"id":"UNG_953","mechanics":["DEATHRATTLE"],"name":"PrimalfinChampion","race":"MURLOC","rarity":"EPIC","set":"UNGORO","text":"[x]<b>Deathrattle:</b>Returnany\nspellsyoucastonthis\nminiontoyourhand.","type":"MINION"},{"artist":"ArthurGimaldinov","cardClass":"PALADIN","collectible":true,"cost":1,"dbfId":41868,"elite":true,"flavor":"“Impossible!”exclaimedtheSilverHandRecruit,hiseyesfilledwithfear.Uthershookhishead,turningthecrystaluntilitcaughtthelight:“Lifefindsaway.”","id":"UNG_954","mechanics":["QUEST"],"name":"TheLastKaleidosaur","questReward":"UNG_954t1","rarity":"LEGENDARY","set":"UNGORO","text":"<b>Quest:</b>Cast6spells\nonyourminions.\n<b>Reward:</b>Galvadon.","type":"SPELL"},{"artist":"ZoltanBoros","cardClass":"PALADIN","collectible":true,"cost":1,"dbfId":41912,"faction":"ALLIANCE","flavor":"GeorgeandKarlwereneverheardfromagain.","id":"UNG_960","name":"LostintheJungle","playRequirements":{"REQ_NUM_MINION_SLOTS":1},"rarity":"COMMON","set":"UNGORO","text":"Summontwo1/1SilverHandRecruits.","type":"SPELL"},{"artist":"HideakiTakamura","cardClass":"PALADIN","collectible":true,"cost":1,"dbfId":41944,"flavor":"Prayforsalvation.Ifthatfails,prayforextrahornsorbiggerteeth.","id":"UNG_961","name":"Adaptation","playRequirements":{"REQ_FRIENDLY_TARGET":0,"REQ_MINION_TARGET":0,"REQ_TARGET_TO_PLAY":0},"rarity":"COMMON","referencedTags":["ADAPT"],"set":"UNGORO","text":"<b>Adapt</b>afriendlyminion.","type":"SPELL"},{"artist":"DanScott","attack":3,"cardClass":"PALADIN","collectible":true,"cost":4,"dbfId":41945,"flavor":"“Comenow,Johnston.Ithinkthosehornsarequitefetchingonyou.”","health":4,"id":"UNG_962","mechanics":["BATTLECRY"],"name":"LightfusedStegodon","race":"BEAST","rarity":"RARE","referencedTags":["ADAPT"],"set":"UNGORO","text":"<b>Battlecry:</b><b>Adapt</b>yourSilver HandRecruits.","type":"MINION"}]