[{"artist":"JamesRyman","attack":3,"cardClass":"PRIEST","collectible":true,"cost":3,"dbfId":48099,"flavor":"Shefeelswaitingforhealingmakesyouappreciateitmore.","health":4,"id":"BOT_216","mechanics":["BATTLECRY"],"name":"OmegaMedic","rarity":"RARE","set":"BOOMSDAY","text":"<b>Battlecry:</b>Ifyouhave10ManaCrystals,restore#10Healthtoyourhero.","type":"MINION"},{"artist":"NicolaSaviori","cardClass":"PRIEST","collectible":true,"cost":3,"dbfId":48101,"flavor":"Allthebettertohugyouwith!","id":"BOT_219","name":"ExtraArms","playRequirements":{"REQ_MINION_TARGET":0,"REQ_TARGET_TO_PLAY":0},"rarity":"RARE","set":"BOOMSDAY","text":"[x]Giveaminion+2/+2.\nAdd'MoreArms!'toyour\nhandthatgives+2/+2.","type":"SPELL"},{"artist":"JamesRyman","attack":5,"cardClass":"PRIEST","collectible":true,"cost":6,"dbfId":48203,"elite":true,"flavor":"HisoriginalnamewasAerek.ThenthefirstclonewasBerek.TheywentevilaroundMerek.","health":5,"id":"BOT_258","mechanics":["DEATHRATTLE"],"name":"Zerek,MasterCloner","rarity":"LEGENDARY","set":"BOOMSDAY","text":"<b>Deathrattle:</b>Ifyou'vecastanyspellsonthisminion,resummonit.","type":"MINION"},{"artist":"AntonZemskov","cardClass":"PRIEST","collectible":true,"cost":2,"dbfId":48759,"flavor":"Zerekgotsickoffightingovertheremote.","id":"BOT_435","name":"CloningDevice","rarity":"COMMON","referencedTags":["DISCOVER"],"set":"BOOMSDAY","text":"<b>Discover</b>acopyofaminioninyouropponent'sdeck.","type":"SPELL"},{"artist":"DaveAllsop","attack":2,"cardClass":"PRIEST","collectible":true,"cost":2,"dbfId":48929,"flavor":"ShortstoponN'zoth'ssoftballteam.","health":1,"id":"BOT_509","mechanics":["DEATHRATTLE"],"name":"DeadRinger","race":"MECHANICAL","rarity":"COMMON","set":"BOOMSDAY","text":"<b>Deathrattle:</b>Drawa<b>Deathrattle</b>minionfromyourdeck.","type":"MINION"},{"artist":"JimNelson","cardClass":"PRIEST","collectible":true,"cost":0,"dbfId":48976,"flavor":"\"Help!I'vefallenandIcan'tgetdown!\"","id":"BOT_517","name":"TopsyTurvy","playRequirements":{"REQ_MINION_TARGET":0,"REQ_TARGET_TO_PLAY":0},"rarity":"COMMON","set":"BOOMSDAY","text":"Swapaminion'sAttackandHealth.","type":"SPELL"},{"artist":"BrianDespain","cardClass":"PRIEST","collectible":true,"cost":5,"dbfId":49013,"flavor":"Availableasabundle,alongwithPowerWords:Detonate,Animate,Annihilate,andPaperWeight.","id":"BOT_529","name":"PowerWord:Replicate","playRequirements":{"REQ_FRIENDLY_TARGET":0,"REQ_MINION_TARGET":0,"REQ_NUM_MINION_SLOTS":1,"REQ_TARGET_TO_PLAY":0},"rarity":"EPIC","set":"BOOMSDAY","text":"Chooseafriendlyminion.Summona5/5copyofit.","type":"SPELL"},{"artist":"IanAmeling","attack":0,"cardClass":"PRIEST","collectible":true,"cost":1,"dbfId":49265,"flavor":"“NowIfeel...REALLYicky.”","health":2,"id":"BOT_558","mechanics":["DEATHRATTLE"],"name":"TestSubject","rarity":"RARE","set":"BOOMSDAY","text":"[x]<b>Deathrattle:</b>Returnany\nspellsyoucastonthis\nminiontoyourhand.","type":"MINION"},{"artist":"ZoltanBoros","attack":4,"cardClass":"PRIEST","collectible":true,"cost":5,"dbfId":49416,"flavor":"It'shardtocallherrecklesswhenit'sclearsheknowswhatshe'sdoing.","health":6,"id":"BOT_566","mechanics":["AURA","TRIGGER_VISUAL"],"name":"RecklessExperimenter","rarity":"EPIC","referencedTags":["DEATHRATTLE"],"set":"BOOMSDAY","text":"[x]<b>Deathrattle</b>minionsyou\nplaycost(3)less,butdie\nattheendoftheturn.","type":"MINION"},{"artist":"SlawomirManiak","cardClass":"PRIEST","collectible":true,"cost":9,"dbfId":49421,"elite":true,"flavor":"Cloningcanbeajarringexperience.","id":"BOT_567","name":"Zerek'sCloningGallery","rarity":"LEGENDARY","set":"BOOMSDAY","text":"Summona1/1copyof eachminioninyour deck.","type":"SPELL"},{"artist":"LucaZontini","cardClass":"PRIEST","collectible":true,"cost":5,"dbfId":841,"flavor":"IftheHolyLightforsakesyou,goodluckcastingthisspell.Also,you'reprobablyajerk.","howToEarn":"UnlockedatLevel6.","howToEarnGolden":"UnlockedatLevel45.","id":"CS1_112","name":"HolyNova","rarity":"FREE","set":"CORE","text":"Deal$2damagetoallenemies.Restore#2 Healthtoallfriendlycharacters.","type":"SPELL"},{"artist":"SeanO’Daniels","cardClass":"PRIEST","collectible":true,"cost":10,"dbfId":8,"flavor":"Nominatedas\"SpellMostLikelytoMakeYourOpponentPunchtheWall.\"","howToEarn":"UnlockedatLevel10.","howToEarnGolden":"UnlockedatLevel49.","id":"CS1_113","name":"MindControl","playRequirements":{"REQ_ENEMY_TARGET":0,"REQ_MINION_TARGET":0,"REQ_NUM_MINION_SLOTS":1,"REQ_TARGET_TO_PLAY":0},"rarity":"FREE","set":"CORE","text":"Takecontrolofanenemyminion.","type":"SPELL"},{"artist":"StevePrescott","cardClass":"PRIEST","collectible":true,"cost":1,"dbfId":376,"flavor":"Goodidea:Buffingyourminions.Badidea:StartingaconversationintheBarrens.","id":"CS1_129","name":"InnerFire","playRequirements":{"REQ_MINION_TARGET":0,"REQ_TARGET_TO_PLAY":0},"rarity":"COMMON","set":"EXPERT1","text":"Changeaminion'sAttacktobeequaltoitsHealth.","type":"SPELL"},{"artist":"SteveEllis","cardClass":"PRIEST","collectible":true,"cost":1,"dbfId":279,"flavor":"Itdoesn'tmatterhowpiousyouare.Everyoneneedsagoodsmitingnowandagain.","howToEarn":"UnlockedatLevel1.","howToEarnGolden":"UnlockedatLevel23.","id":"CS1_130","name":"HolySmite","playRequirements":{"REQ_TARGET_TO_PLAY":0},"rarity":"FREE","set":"CORE","text":"Deal$2damage.","type":"SPELL"},{"artist":"MichaelKomarck","cardClass":"PRIEST","collectible":true,"cost":1,"dbfId":1099,"flavor":"Iseewhatyoudidthere.","howToEarn":"UnlockedatLevel4.","howToEarnGolden":"UnlockedatLevel32.","id":"CS2_003","name":"MindVision","rarity":"FREE","set":"CORE","text":"Putacopyofarandomcardinyouropponent'shandintoyourhand.","type":"SPELL"},{"artist":"JessicaJung","cardClass":"PRIEST","collectible":true,"cost":1,"dbfId":613,"flavor":"Suretheextraprotectionisnice,buttheshieldreallyreducesvisibility.","howToEarn":"UnlockedatLevel1.","howToEarnGolden":"UnlockedatLevel47.","id":"CS2_004","name":"PowerWord:Shield","playRequirements":{"REQ_MINION_TARGET":0,"REQ_TARGET_TO_PLAY":0},"rarity":"FREE","set":"CORE","text":"Giveaminion+2 Health.\nDrawacard.","type":"SPELL"},{"artist":"RaymondSwanland","cardClass":"PRIEST","collectible":true,"cost":2,"dbfId":1367,"flavor":"Astepupfromaspellcastbymanybeginningacolytes:\"ShadowWord:Annoy\".","howToEarn":"UnlockedatLevel1.","howToEarnGolden":"UnlockedatLevel36.","id":"CS2_234","name":"ShadowWord:Pain","playRequirements":{"REQ_MINION_TARGET":0,"REQ_TARGET_MAX_ATTACK":3,"REQ_TARGET_TO_PLAY":0},"rarity":"FREE","set":"CORE","text":"Destroyaminionwith3 orlessAttack.","type":"SPELL"},{"artist":"TereseNielsen","attack":1,"cardClass":"PRIEST","collectible":true,"cost":1,"dbfId":1650,"flavor":"Theyhelpthedowntroddenanddistressed.Alsotheysellcookies.","health":3,"howToEarn":"UnlockedatLevel1.","howToEarnGolden":"UnlockedatLevel40.","id":"CS2_235","mechanics":["TRIGGER_VISUAL"],"name":"NorthshireCleric","rarity":"FREE","set":"CORE","text":"Wheneveraminionishealed,drawacard.","type":"MINION"},{"artist":"JimPavelec","cardClass":"PRIEST","collectible":true,"cost":2,"dbfId":1361,"flavor":"Doublethetrouble.Doublethefun!","howToEarn":"UnlockedatLevel2.","howToEarnGolden":"UnlockedatLevel28.","id":"CS2_236","name":"DivineSpirit","playRequirements":{"REQ_MINION_TARGET":0,"REQ_TARGET_TO_PLAY":0},"rarity":"FREE","set":"CORE","text":"Doubleaminion'sHealth.","type":"SPELL"},{"artist":"DaveAllsop","cardClass":"PRIEST","collectible":true,"cost":2,"dbfId":545,"flavor":"ThisspellblastsyoudirectlyintheMIND.","howToEarn":"UnlockedatLevel1.","howToEarnGolden":"UnlockedatLevel15.","id":"DS1_233","name":"MindBlast","rarity":"FREE","set":"CORE","text":"Deal$5damagetotheenemyhero.","type":"SPELL"},{"artist":"Chippy","attack":4,"cardClass":"PRIEST","collectible":true,"cost":6,"dbfId":272,"flavor":"YouneverknowwhomaybesecretlyworkingfortheCabal....","health":5,"id":"EX1_091","mechanics":["BATTLECRY"],"name":"CabalShadowPriest","playRequirements":{"REQ_ENEMY_TARGET":0,"REQ_MINION_TARGET":0,"REQ_TARGET_IF_AVAILABLE":0,"REQ_TARGET_MAX_ATTACK":2},"rarity":"EPIC","set":"EXPERT1","targetingArrowText":"Stealaminionthathas2orlessAttack.","text":"<b>Battlecry:</b>Takecontrolofanenemyminionthathas2orlessAttack.","type":"MINION"},{"artist":"Zoltan&Gabor","cardClass":"PRIEST","collectible":true,"cost":0,"dbfId":1189,"flavor":"Reservedforenemyspellcasters,evillichesfrombeyondthegrave,andkaraokenightsattheGrimGuzzler.","id":"EX1_332","mechanics":["SILENCE"],"name":"Silence","playRequirements":{"REQ_MINION_TARGET":0,"REQ_TARGET_TO_PLAY":0},"rarity":"COMMON","set":"EXPERT1","text":"<b>Silence</b>aminion.","type":"SPELL"},{"artist":"MarkGibbons","cardClass":"PRIEST","collectible":true,"cost":4,"dbfId":220,"flavor":"Youcanrationalizeitallyouwant,it'sstillameanthingtodo.","id":"EX1_334","name":"ShadowMadness","playRequirements":{"REQ_ENEMY_TARGET":0,"REQ_MINION_TARGET":0,"REQ_NUM_MINION_SLOTS":1,"REQ_TARGET_MAX_ATTACK":3,"REQ_TARGET_TO_PLAY":0},"rarity":"RARE","set":"EXPERT1","text":"Gaincontrolofanenemyminionwith3orlessAttackuntilendofturn.","type":"SPELL"},{"artist":"Daarken","attack":0,"cardClass":"PRIEST","collectible":true,"cost":4,"dbfId":886,"flavor":"SpawnoftheLight?OrPawnoftheLights?","health":5,"id":"EX1_335","name":"Lightspawn","race":"ELEMENTAL","rarity":"COMMON","set":"EXPERT1","text":"Thisminion'sAttackisalwaysequaltoitsHealth.","type":"MINION"},{"artist":"AlexGarner","cardClass":"PRIEST","collectible":true,"cost":3,"dbfId":30,"flavor":"\"WhatdoyougetwhenyoucastThoughtstealonanOrc?Nothing!\"-Taurenjoke","id":"EX1_339","name":"Thoughtsteal","rarity":"COMMON","set":"EXPERT1","text":"Copy2cardsinyouropponent'sdeckandaddthemtoyourhand.","type":"SPELL"},{"artist":"BlizzardEntertainment","attack":0,"cardClass":"PRIEST","collectible":true,"cost":2,"dbfId":797,"flavor":"Itisn'tclearifpeopleignoretheLightwell,orifitisjustinvisible.","health":5,"id":"EX1_341","mechanics":["TRIGGER_VISUAL"],"name":"Lightwell","rarity":"RARE","set":"EXPERT1","text":"Atthestartofyourturn,restore#3Healthtoadamagedfriendlycharacter.","type":"MINION"},{"artist":"Zoltan&Gabor","cardClass":"PRIEST","collectible":true,"cost":4,"dbfId":145,"flavor":"Sometimesitfeelslikethisisallagame.","id":"EX1_345","name":"Mindgames","playRequirements":{"REQ_NUM_MINION_SLOTS":1},"rarity":"EPIC","set":"EXPERT1","text":"Putacopyof\narandomminionfrom\nyouropponent'sdeckintothebattlefield.","type":"SPELL"},{"artist":"WeiWang","attack":7,"cardClass":"PRIEST","collectible":true,"cost":7,"dbfId":9,"elite":true,"flavor":"He'sbeenexiledfromhishome,andallhisbrothersturnedevil,butotherwisehedoesn'thavealottocomplainabout.","health":7,"id":"EX1_350","name":"ProphetVelen","rarity":"LEGENDARY","set":"EXPERT1","text":"DoublethedamageandhealingofyourspellsandHeroPower.","type":"MINION"},{"artist":"DougAlexander","attack":3,"cardClass":"PRIEST","collectible":true,"cost":4,"dbfId":237,"flavor":"TheAuchenaiknowtheendiscoming,butthey'renotsurewhen.","health":5,"id":"EX1_591","mechanics":["AURA"],"name":"AuchenaiSoulpriest","rarity":"RARE","set":"EXPERT1","text":"YourcardsandpowersthatrestoreHealthnowdealdamageinstead.","type":"MINION"},{"artist":"Daarken","cardClass":"PRIEST","collectible":true,"cost":0,"dbfId":1362,"flavor":"Itisn'treallyacircle.","id":"EX1_621","name":"CircleofHealing","rarity":"COMMON","set":"EXPERT1","text":"Restore#4HealthtoALL minions.","type":"SPELL"},{"artist":"RaymondSwanland","cardClass":"PRIEST","collectible":true,"cost":3,"dbfId":1363,"flavor":"Ifyoumiss,itleavesalightning-bolt-shapedscaronyourtarget.","howToEarn":"UnlockedatLevel8.","howToEarnGolden":"UnlockedatLevel43.","id":"EX1_622","name":"ShadowWord:Death","playRequirements":{"REQ_MINION_TARGET":0,"REQ_TARGET_MIN_ATTACK":5,"REQ_TARGET_TO_PLAY":0},"rarity":"FREE","set":"CORE","text":"Destroyaminionwith5 ormoreAttack.","type":"SPELL"},{"artist":"DarenBader","attack":6,"cardClass":"PRIEST","collectible":true,"cost":6,"dbfId":1364,"flavor":"HealsomoonlightsThursdaynightsasabounceratthePigandWhistleTavern.","health":6,"id":"EX1_623","mechanics":["BATTLECRY"],"name":"TempleEnforcer","playRequirements":{"REQ_FRIENDLY_TARGET":0,"REQ_MINION_TARGET":0,"REQ_TARGET_IF_AVAILABLE":0},"rarity":"COMMON","set":"EXPERT1","targetingArrowText":"Give+3Health.","text":"<b>Battlecry:</b>Giveafriendlyminion+3Health.","type":"MINION"},{"artist":"MiguelCoimbra","cardClass":"PRIEST","collectible":true,"cost":6,"dbfId":1365,"flavor":"OftenfollowedbyHolySmokes!","id":"EX1_624","name":"HolyFire","playRequirements":{"REQ_TARGET_TO_PLAY":0},"rarity":"RARE","set":"EXPERT1","text":"Deal$5damage.Restore#5Healthtoyourhero.","type":"SPELL"},{"artist":"AlexHorleyOrlandelli","cardClass":"PRIEST","collectible":true,"cost":3,"dbfId":1368,"flavor":"IfabrightlightshinesonapriestinShadowform…dotheycastashadow?","id":"EX1_625","name":"Shadowform","rarity":"EPIC","set":"EXPERT1","text":"YourHeroPowerbecomes'Deal2damage'.IfalreadyinShadowform:3damage.","type":"SPELL"},{"artist":"SeanO'Daniels","cardClass":"PRIEST","collectible":true,"cost":4,"dbfId":1366,"flavor":"Itdispelsbuffs,powers,hopes,anddreams.","id":"EX1_626","mechanics":["SILENCE"],"name":"MassDispel","rarity":"RARE","set":"EXPERT1","text":"<b>Silence</b>allenemyminions.Drawacard.","type":"SPELL"},{"artist":"VladimirKafanov","cardClass":"PRIEST","collectible":true,"cost":5,"dbfId":46694,"flavor":"Forahealthieroption,tryHolyWater:Zero.","id":"GIL_134","name":"HolyWater","playRequirements":{"REQ_MINION_TARGET":0,"REQ_TARGET_TO_PLAY":0},"rarity":"RARE","set":"GILNEAS","text":"Deal$4damagetoaminion.Ifthatkillsit,addacopyofittoyour hand.","type":"SPELL"},{"artist":"ArthurBozonnet","attack":1,"cardClass":"PRIEST","collectible":true,"cost":1,"dbfId":46706,"elite":true,"flavor":"He'severyoneyouwanttobe.","health":1,"id":"GIL_142","name":"Chameleos","race":"BEAST","rarity":"LEGENDARY","set":"GILNEAS","text":"Eachturnthisisinyourhand,transformitintoacardyouropponentisholding.","type":"MINION"},{"artist":"KonstantinTurovec","attack":5,"cardClass":"PRIEST","collectible":true,"cost":5,"dbfId":46737,"flavor":"Theseelementals,alongwithfeldsparandmica,areoftentakenforgranite.","health":8,"id":"GIL_156","name":"QuartzElemental","race":"ELEMENTAL","rarity":"COMMON","set":"GILNEAS","text":"Can'tattackwhiledamaged.","type":"MINION"},{"artist":"SlawomirManiak","attack":4,"cardClass":"PRIEST","collectible":true,"cost":7,"dbfId":46862,"flavor":"Everywhelp,getinhere!","health":9,"id":"GIL_190","mechanics":["TRIGGER_VISUAL"],"name":"NightscaleMatriarch","race":"DRAGON","rarity":"RARE","set":"GILNEAS","text":"Wheneverafriendlyminionishealed,summona3/3 Whelp.","type":"MINION"},{"artist":"TomBaxa","cardClass":"PRIEST","collectible":true,"cost":2,"dbfId":47549,"flavor":"Takenupanoctave,it'shighlyeffectiveagainststainedglassgolems.","id":"GIL_661","name":"DivineHymn","playRequirements":{"REQ_FRIENDLY_TARGET":0,"REQ_MINION_TARGET":0},"rarity":"COMMON","set":"GILNEAS","text":"Restore#6Healthtoallfriendlycharacters.","type":"SPELL"},{"artist":"DaveAllsop","attack":6,"cardClass":"PRIEST","collectible":true,"cost":6,"dbfId":47836,"flavor":"Alsodoesweddings.","health":5,"id":"GIL_805","mechanics":["DEATHRATTLE"],"name":"CoffinCrasher","rarity":"RARE","set":"GILNEAS","text":"<b>Deathrattle:</b>Summona<b>Deathrattle</b>minionfromyourhand.","type":"MINION"},{"artist":"ZoltanBoros","cardClass":"PRIEST","collectible":true,"cost":3,"dbfId":48002,"flavor":"\"I…IdreamedIaccidentallycraftedagoldenMillhouse!ItwassoREAL!\"","id":"GIL_813","name":"VividNightmare","playRequirements":{"REQ_FRIENDLY_TARGET":0,"REQ_MINION_TARGET":0,"REQ_NUM_MINION_SLOTS":1,"REQ_TARGET_TO_PLAY":0},"rarity":"EPIC","set":"GILNEAS","text":"[x]Chooseafriendlyminion.\nSummonacopyofitwith\n1Healthremaining.","type":"SPELL"},{"artist":"TylerWalpole","attack":2,"cardClass":"PRIEST","collectible":true,"cost":2,"dbfId":48360,"flavor":"Everyonehailtothesquashlingsong!","health":1,"id":"GIL_835","mechanics":["BATTLECRY","ECHO"],"name":"Squashling","playRequirements":{"REQ_TARGET_TO_PLAY":0},"rarity":"COMMON","set":"GILNEAS","text":"[x]<b>Echo</b>\n<b>Battlecry:</b>Restore#2Health.","type":"MINION"},{"artist":"BillRuan","attack":4,"cardClass":"PRIEST","collectible":true,"cost":5,"dbfId":48444,"flavor":"Somemothsareattractedtoflame.Thisone'sattractedtodisco.","health":4,"id":"GIL_837","mechanics":["BATTLECRY"],"name":"GlitterMoth","race":"BEAST","rarity":"EPIC","set":"GILNEAS","text":"<b>Battlecry:</b>Ifyourdeckhasonlyodd-Costcards,doubletheHealthofyourotherminions.","type":"MINION"},{"artist":"KonstantinTurovec","attack":5,"cardClass":"PRIEST","collectible":true,"cost":6,"dbfId":48560,"elite":true,"flavor":"Shewasaladyinpolkadotsuntilthegnomishlaundromatincident.","health":5,"id":"GIL_840","mechanics":["BATTLECRY"],"name":"LadyinWhite","rarity":"LEGENDARY","set":"GILNEAS","text":"[x]<b>Battlecry:</b>Cast'InnerFire'\n oneveryminioninyourdeck \n<i>(setAttackequaltoHealth).</i>","type":"MINION"},{"artist":"PaulKwon","cardClass":"PRIEST","collectible":true,"cost":5,"dbfId":42566,"flavor":"Amindisaterriblethingtowaste.Seconds,anyone?","id":"ICC_207","name":"DevourMind","rarity":"RARE","set":"ICECROWN","text":"Copy3cardsinyouropponent'sdeckandaddthemtoyourhand.","type":"SPELL"},{"artist":"PaulKwon","attack":2,"cardClass":"PRIEST","collectible":true,"cost":2,"dbfId":42574,"flavor":"Whenyou'reatthebottom,there'snowheretoascend,butup.","health":2,"id":"ICC_210","mechanics":["TRIGGER_VISUAL"],"name":"ShadowAscendant","rarity":"COMMON","set":"ICECROWN","text":"[x]Attheendofyourturn,\ngiveanotherrandom\nfriendlyminion+1/+1.","type":"MINION"},{"artist":"Brom","attack":3,"cardClass":"PRIEST","collectible":true,"cost":3,"dbfId":42596,"flavor":"Ittakesmanyyearsofpracticedstudyinordertofullymasteragony.","health":3,"id":"ICC_212","mechanics":["LIFESTEAL"],"name":"AcolyteofAgony","rarity":"COMMON","set":"ICECROWN","text":"<b>Lifesteal</b>","type":"MINION"},{"artist":"ZoltanBoros","cardClass":"PRIEST","collectible":true,"cost":4,"dbfId":42597,"flavor":"WhatdoyoumeanIdon'tgetovertimepayforthis?!","id":"ICC_213","name":"EternalServitude","playRequirements":{"REQ_FRIENDLY_MINION_DIED_THIS_GAME":0,"REQ_NUM_MINION_SLOTS":1},"rarity":"RARE","referencedTags":["DISCOVER"],"set":"ICECROWN","text":"<b>Discover</b>afriendlyminionthatdiedthisgame.Summonit.","type":"SPELL"},{"artist":"A.J.Nazzaro","attack":4,"cardClass":"PRIEST","collectible":true,"cost":9,"dbfId":42598,"flavor":"Theoriginalartistspentmanyhourswithafinechiselperfectingthefacialexpressionformaximumtauntiness.","health":8,"id":"ICC_214","mechanics":["DEATHRATTLE","LIFESTEAL","TAUNT"],"name":"ObsidianStatue","rarity":"EPIC","set":"ICECROWN","text":"[x]<b>Taunt,Lifesteal</b>\n<b>Deathrattle:</b>Destroya\nrandomenemyminion.","type":"MINION"},{"artist":"EvgeniyDlinnov","attack":4,"cardClass":"PRIEST","collectible":true,"cost":7,"dbfId":42633,"elite":true,"flavor":"NobodyexpectstheArchbishop'sBenediction!","health":6,"id":"ICC_215","mechanics":["BATTLECRY"],"name":"ArchbishopBenedictus","rarity":"LEGENDARY","set":"ICECROWN","text":"<b>Battlecry:</b>Shuffleacopyof youropponent'sdeckintoyourdeck.","type":"MINION"},{"artist":"MattDixon","cardClass":"PRIEST","collectible":true,"cost":6,"dbfId":42804,"flavor":"Difficulttobottleupandsell.Butitpacksapunch.","id":"ICC_235","name":"ShadowEssence","playRequirements":{"REQ_NUM_MINION_SLOTS":1},"rarity":"RARE","set":"ICECROWN","text":"Summona5/5copyof arandomminionin yourdeck.","type":"SPELL"},{"artist":"ZoltanBoros","cardClass":"PRIEST","collectible":true,"cost":2,"dbfId":42992,"flavor":"We'vegotspirit,yeswedo!We'vegotspirit,stolenfromyou!","id":"ICC_802","mechanics":["LIFESTEAL"],"name":"SpiritLash","rarity":"COMMON","set":"ICECROWN","text":"<b>Lifesteal</b>\nDeal$1damageto all minions.","type":"SPELL"},{"armor":5,"artist":"WayneReynolds","cardClass":"PRIEST","collectible":true,"cost":8,"dbfId":43408,"elite":true,"flavor":"\"IwilltellyouwhatVelennevertaughtme.WhosoeverstandsbeforetheLight…inevitablycastsashadow.\"","health":30,"id":"ICC_830","mechanics":["BATTLECRY"],"name":"ShadowreaperAnduin","rarity":"LEGENDARY","set":"ICECROWN","text":"<b>Battlecry:</b>Destroyallminionswith5ormore Attack.","type":"HERO"},{"artist":"A.J.Nazzaro","cardClass":"PRIEST","collectible":true,"cost":6,"dbfId":45308,"flavor":"Onceyoubothgetcomfortable,darknessisactuallyprettysnuggly.","id":"ICC_849","name":"EmbraceDarkness","playRequirements":{"REQ_ENEMY_TARGET":0,"REQ_MINION_TARGET":0,"REQ_TARGET_TO_PLAY":0},"rarity":"EPIC","set":"ICECROWN","text":"[x]Chooseanenemyminion.\nAtthestartofyourturn,\ngaincontrolofit.","type":"SPELL"},{"artist":"ChrisSeaman","cardClass":"PRIEST","collectible":true,"cost":7,"dbfId":43112,"flavor":"Everybody!Hitthedeck!","id":"LOOT_008","name":"PsychicScream","playRequirements":{"REQ_ENEMY_TARGET":0,"REQ_MINION_TARGET":0},"rarity":"EPIC","set":"LOOTAPALOOZA","text":"Shuffleallminionsintoyouropponent'sdeck.","type":"SPELL"},{"artist":"MauricioHerrera","cardClass":"PRIEST","collectible":true,"cost":3,"dbfId":45353,"flavor":"Ifyou’reexperiencingresurrectionsickness,press1.","id":"LOOT_187","name":"Twilight'sCall","playRequirements":{"REQ_FRIENDLY_MINION_DIED_THIS_GAME":0},"rarity":"RARE","referencedTags":["DEATHRATTLE"],"set":"LOOTAPALOOZA","text":"Summon1/1copiesof2friendly<b>Deathrattle</b>minions\nthatdiedthisgame.","type":"SPELL"},{"artist":"TylerWalpole","attack":0,"cardClass":"PRIEST","collectible":true,"cost":3,"dbfId":45528,"durability":3,"elite":true,"flavor":"CraftedbyDeathwing'sgoblinhorde,butthedragonaddedtherainbowsparkleshimself.","id":"LOOT_209","name":"DragonSoul","rarity":"LEGENDARY","set":"LOOTAPALOOZA","text":"Afteryoucast3spellsinaturn,summona5/5Dragon.","type":"WEAPON"},{"artist":"DanScott","cardClass":"PRIEST","collectible":true,"cost":3,"dbfId":45759,"entourage":["LOOT_278t1","LOOT_278t2","LOOT_278t3","LOOT_278t4"],"flavor":"\"Here,tastethis.\"(Slurp)\"Whatisit?\"\"Idon'tknow,Ifounditinoneofthelabs.\"","id":"LOOT_278","name":"UnidentifiedElixir","playRequirements":{"REQ_MINION_TARGET":0,"REQ_TARGET_TO_PLAY":0},"rarity":"COMMON","set":"LOOTAPALOOZA","text":"Giveaminion+2/+2.Gainsabonuseffectin yourhand.","type":"SPELL"},{"artist":"MauricioHerrera","cardClass":"PRIEST","collectible":true,"cost":1,"dbfId":45979,"flavor":"Shepreferscallingit\"PsionicTickling.\"","id":"LOOT_353","name":"PsionicProbe","rarity":"COMMON","set":"LOOTAPALOOZA","text":"Copyaspellinyouropponent'sdeckandaddittoyourhand.","type":"SPELL"},{"artist":"AlexHorleyOrlandelli","attack":3,"cardClass":"PRIEST","collectible":true,"cost":4,"dbfId":45899,"flavor":"Wakingupatthebreakofduskisjustnotasimpressive.","health":3,"id":"LOOT_410","mechanics":["BATTLECRY"],"name":"Duskbreaker","playRequirements":{"REQ_ENEMY_TARGET":0,"REQ_MINION_TARGET":0},"race":"DRAGON","rarity":"RARE","set":"LOOTAPALOOZA","text":"<b>Battlecry:</b>Ifyou'reholding\naDragon,deal3damagetoallotherminions.","type":"MINION"},{"artist":"TylerWestStudios","cardClass":"PRIEST","collectible":true,"collectionText":"Resurrect2differentfriendlyminions.<i>(Cast4spellstoupgrade.)</i>","cost":7,"dbfId":46307,"flavor":"Adiamond,white,thisstonetheeighth\nApreciousjewelforthoseoffaith\nAwhisperedprayerrestoresthelost\nButnoneamongthemknowthecost.","id":"LOOT_507","name":"LesserDiamondSpellstone","rarity":"RARE","set":"LOOTAPALOOZA","text":"Resurrect2differentfriendlyminions.@<i>(Cast4spellstoupgrade.)</i>","type":"SPELL"},{"artist":"Tooth","attack":2,"cardClass":"PRIEST","collectible":true,"cost":3,"dbfId":46460,"flavor":"Thedragonsmostlykeephimaroundasasnack.","health":4,"id":"LOOT_528","mechanics":["BATTLECRY"],"name":"TwilightAcolyte","playRequirements":{"REQ_MINION_TARGET":0,"REQ_TARGET_IF_AVAILABLE_AND_DRAGON_IN_HAND":0},"rarity":"EPIC","set":"LOOTAPALOOZA","targetingArrowText":"SwapAttack.","text":"<b>Battlecry:</b>Ifyou'reholding\naDragon,swapthisminion'sAttackwithanotherminion's.","type":"MINION"},{"artist":"ErikGist","attack":2,"cardClass":"PRIEST","collectible":true,"cost":3,"dbfId":46495,"flavor":"Youhearacoinrattlinginsidetheslottedgargoyle...Whatcoulditmean?","health":2,"id":"LOOT_534","mechanics":["DEATHRATTLE"],"name":"GildedGargoyle","rarity":"COMMON","set":"LOOTAPALOOZA","text":"<b>Deathrattle:</b>AddaCointoyourhand.","type":"MINION"},{"artist":"DarenBader","attack":6,"cardClass":"PRIEST","collectible":true,"cost":7,"dbfId":46544,"elite":true,"flavor":"Followsadventurers,seekingtheultimatetimemagic:theabilitytoreload.","health":6,"id":"LOOT_538","mechanics":["BATTLECRY"],"name":"Temporus","race":"DRAGON","rarity":"LEGENDARY","set":"LOOTAPALOOZA","text":"<b>Battlecry:</b>Youropponenttakestwoturns.Thenyoutaketwoturns.","type":"MINION"},{"artist":"HideakiTakamura","attack":2,"cardClass":"PRIEST","collectible":true,"cost":3,"dbfId":41155,"flavor":"Mirageisactuallythenameofitslong-lostcat.","health":3,"id":"UNG_022","mechanics":["BATTLECRY"],"name":"MirageCaller","playRequirements":{"REQ_FRIENDLY_TARGET":0,"REQ_MINION_TARGET":0,"REQ_TARGET_IF_AVAILABLE":0},"rarity":"RARE","set":"UNGORO","targetingArrowText":"Summona1/1copy.","text":"<b>Battlecry:</b>Chooseafriendlyminion.Summona1/1copyofit.","type":"MINION"},{"artist":"NutchapolThitinunthakorn","cardClass":"PRIEST","collectible":true,"cost":2,"dbfId":41169,"flavor":"Thisone’sabird.Andhere’sabunny!","id":"UNG_029","name":"ShadowVisions","rarity":"EPIC","referencedTags":["DISCOVER"],"set":"UNGORO","text":"<b>Discover</b>acopyofaspellinyourdeck.","type":"SPELL"},{"artist":"TylerWalpole","cardClass":"PRIEST","collectible":true,"cost":1,"dbfId":41170,"flavor":"Byacceptingthishealing,youagreetothefollowingterms…","id":"UNG_030","name":"BindingHeal","playRequirements":{"REQ_MINION_TARGET":0,"REQ_TARGET_TO_PLAY":0},"rarity":"COMMON","set":"UNGORO","text":"Restore#5Healthtoaminionandyourhero.","type":"SPELL"},{"artist":"ArthurBozonnet","attack":1,"cardClass":"PRIEST","collectible":true,"cost":1,"dbfId":41173,"faction":"HORDE","flavor":"Beingmadeoflighthasitsdisadvantages,butatleastit'salwayslookingonthebrightside.","health":1,"id":"UNG_032","mechanics":["DEATHRATTLE"],"name":"CrystallineOracle","race":"ELEMENTAL","rarity":"RARE","set":"UNGORO","text":"[x]<b>Deathrattle:</b>Copyacard\nfromyouropponent'sdeck\n andaddittoyourhand.","type":"MINION"},{"artist":"A.J.Nazzaro","attack":2,"cardClass":"PRIEST","collectible":true,"cost":2,"dbfId":41176,"flavor":"It'saliterallavalamp!","health":3,"id":"UNG_034","mechanics":["AURA"],"name":"RadiantElemental","race":"ELEMENTAL","rarity":"COMMON","set":"UNGORO","text":"Yourspellscost(1)less.","type":"MINION"},{"artist":"ServandoLupini","attack":3,"cardClass":"PRIEST","collectible":true,"cost":3,"dbfId":41177,"flavor":"Georgepromisedtobegood.Butit'seasyforlittleGlimmerrootstoforget.","health":3,"id":"UNG_035","mechanics":["BATTLECRY"],"name":"CuriousGlimmerroot","playRequirements":{"REQ_MINION_TARGET":0},"rarity":"EPIC","set":"UNGORO","text":"[x]<b>Battlecry:</b>Lookat3cards.\nGuesswhichonestarted\ninyouropponent'sdeck\ntogetacopyofit.","type":"MINION"},{"artist":"GarrettHanna","attack":2,"cardClass":"PRIEST","collectible":true,"cost":4,"dbfId":41180,"flavor":"Ahero...Inahalf-shell.","health":6,"id":"UNG_037","mechanics":["DEATHRATTLE","TAUNT"],"name":"TortollanShellraiser","rarity":"COMMON","set":"UNGORO","text":"[x]<b>Taunt</b>\n<b>Deathrattle:</b>Givearandom\n friendlyminion+1/+1.","type":"MINION"},{"artist":"AntonMagdalina","cardClass":"PRIEST","collectible":true,"cost":8,"dbfId":42009,"flavor":"Bingo!MinionDNA!","id":"UNG_854","name":"FreeFromAmber","playRequirements":{"REQ_FRIENDLY_TARGET":0,"REQ_NUM_MINION_SLOTS":1,"REQ_TARGET_WITH_DEATHRATTLE":0},"rarity":"RARE","referencedTags":["DISCOVER"],"set":"UNGORO","text":"<b>Discover</b>aminionthatcosts(8)ormore.Summonit.","type":"SPELL"},{"artist":"KonstantinTurovec","cardClass":"PRIEST","collectible":true,"cost":1,"dbfId":41494,"elite":true,"flavor":"TheykeephittingtheSnoozebutton.","id":"UNG_940","mechanics":["QUEST"],"name":"AwakentheMakers","questReward":"UNG_940t8","rarity":"LEGENDARY","referencedTags":["DEATHRATTLE"],"set":"UNGORO","text":"<b>Quest:</b>Summon\n7<b>Deathrattle</b>minions.<b>\nReward:</b>Amara,WardenofHope.","type":"SPELL"},{"artist":"PhilSaunders","attack":3,"cardClass":"PRIEST","collectible":true,"cost":5,"dbfId":42046,"elite":true,"flavor":"Arise,fairsun,andkillmyenviousfoes.Theydon'thavealegendaryasbeautifulasyou.","health":5,"id":"UNG_963","mechanics":["TRIGGER_VISUAL"],"name":"LyratheSunshard","race":"ELEMENTAL","rarity":"LEGENDARY","set":"UNGORO","text":"Wheneveryoucastaspell,addarandomPriestspelltoyourhand.","type":"MINION"}]