[{"artist":"AlexHorleyOrlandelli","cardClass":"ROGUE","collectible":true,"cost":3,"dbfId":48035,"flavor":"EliteTaurenChieftain'snexthitsingle.","id":"BOT_084","name":"VioletHaze","rarity":"COMMON","referencedTags":["DEATHRATTLE"],"set":"BOOMSDAY","text":"Add2random<b>Deathrattle</b>cardsto yourhand.","type":"SPELL"},{"artist":"KonstantinTurovec","cardClass":"ROGUE","collectible":true,"cost":4,"dbfId":48040,"flavor":"ThetenthPyroblastreallyfeltlikeoverkill.","id":"BOT_087","name":"AcademicEspionage","playRequirements":{"REQ_MINION_TARGET":0},"rarity":"EPIC","set":"BOOMSDAY","text":"Shuffle10cardsfromyouropponent'sclassintoyourdeck.They cost(1).","type":"SPELL"},{"artist":"ArthurGimaldinov","cardClass":"ROGUE","collectible":true,"cost":5,"dbfId":48487,"elite":true,"flavor":"Whatcouldgowrong?","id":"BOT_242","name":"Myra'sUnstableElement","rarity":"LEGENDARY","set":"BOOMSDAY","text":"Drawtherestof\nyourdeck.","type":"SPELL"},{"artist":"SlawomirManiak","attack":4,"cardClass":"ROGUE","collectible":true,"cost":5,"dbfId":48159,"elite":true,"flavor":"Onherfirstdayonthejob,Myraremovedthesmokedetectors.","health":2,"id":"BOT_243","mechanics":["BATTLECRY"],"name":"MyraRotspring","rarity":"LEGENDARY","referencedTags":["DEATHRATTLE","DISCOVER"],"set":"BOOMSDAY","text":"[x]<b>Battlecry:</b><b>Discover</b>a\n<b>Deathrattle</b>minion.Also\ngainits<b>Deathrattle</b>.","type":"MINION"},{"artist":"MattDixon","attack":1,"cardClass":"ROGUE","collectible":true,"cost":2,"dbfId":48471,"flavor":"Onceyouhop,youjustcan'tstop!","health":1,"id":"BOT_283","mechanics":["BATTLECRY"],"name":"Pogo-Hopper","race":"MECHANICAL","rarity":"RARE","set":"BOOMSDAY","text":"[x]<b>Battlecry:</b>Gain+2/+2for\neachotherPogo-Hopper\nyouplayedthisgame.","type":"MINION"},{"artist":"VladBotos","attack":3,"cardClass":"ROGUE","collectible":true,"cost":3,"dbfId":48478,"durability":2,"flavor":"Grabdeathbythehandle.","id":"BOT_286","mechanics":["DEATHRATTLE"],"name":"NecriumBlade","rarity":"RARE","set":"BOOMSDAY","text":"<b>Deathrattle:</b>Triggerthe<b>Deathrattle</b>ofarandomfriendlyminion.","type":"WEAPON"},{"artist":"ZoltanBoros","attack":3,"cardClass":"ROGUE","collectible":true,"cost":2,"dbfId":48480,"flavor":"Jointhechemistrylab!We'vegotallthesolutions.","health":2,"id":"BOT_288","mechanics":["BATTLECRY"],"name":"LabRecruiter","playRequirements":{"REQ_FRIENDLY_TARGET":0,"REQ_MINION_TARGET":0,"REQ_TARGET_IF_AVAILABLE":0},"rarity":"COMMON","set":"BOOMSDAY","text":"<b>Battlecry:</b>Shuffle3copiesofafriendlyminionintoyourdeck.","type":"MINION"},{"artist":"VladBotos","cardClass":"ROGUE","collectible":true,"cost":5,"dbfId":48748,"flavor":"Twonear-deathexperiencesforthepriceofone!","id":"BOT_508","name":"NecriumVial","playRequirements":{"REQ_FRIENDLY_TARGET":0,"REQ_MINION_TARGET":0,"REQ_TARGET_TO_PLAY":0,"REQ_TARGET_WITH_DEATHRATTLE":0},"rarity":"EPIC","referencedTags":["DEATHRATTLE"],"set":"BOOMSDAY","text":"Triggerafriendlyminion's<b>Deathrattle</b>twice.","type":"SPELL"},{"artist":"AntonKagounkin","attack":2,"cardClass":"ROGUE","collectible":true,"cost":4,"dbfId":49361,"flavor":"\"WellweHADitcontained.Thenyouwentandgaveitlegs!\"","health":4,"id":"BOT_565","mechanics":["DEATHRATTLE"],"name":"BlightnozzleCrawler","race":"MECHANICAL","rarity":"RARE","referencedTags":["POISONOUS","RUSH"],"set":"BOOMSDAY","text":"<b>Deathrattle:</b>Summona1/1Oozewith<b>Poisonous</b>and<b>Rush</b>.","type":"MINION"},{"artist":"MaxGreck","attack":4,"cardClass":"ROGUE","collectible":true,"cost":5,"dbfId":49494,"flavor":"Youdon'thavetobecrazytoworkhere,butithelps.","health":4,"id":"BOT_576","mechanics":["COMBO"],"name":"CrazedChemist","playRequirements":{"REQ_FRIENDLY_TARGET":0,"REQ_MINION_TARGET":0,"REQ_TARGET_FOR_COMBO":0},"rarity":"COMMON","set":"BOOMSDAY","targetingArrowText":"Give+4Attack.","text":"<b>Combo:</b>Giveafriendlyminion+4Attack.","type":"MINION"},{"artist":"MichaelSutfin","cardClass":"ROGUE","collectible":true,"cost":0,"dbfId":180,"flavor":"It'sfunnyhowoftenyelling\"Lookoverthere!\"getsyouropponenttoturnaround.","howToEarn":"UnlockedatLevel1.","howToEarnGolden":"UnlockedatLevel36.","id":"CS2_072","name":"Backstab","playRequirements":{"REQ_MINION_TARGET":0,"REQ_TARGET_TO_PLAY":0,"REQ_UNDAMAGED_TARGET":0},"rarity":"FREE","set":"CORE","text":"Deal$2damagetoanundamagedminion.","type":"SPELL"},{"artist":"AlexHorleyOrlandelli","cardClass":"ROGUE","collectible":true,"cost":1,"dbfId":268,"flavor":"\"I'mcoldblooded,checkitandsee!\"","id":"CS2_073","mechanics":["COMBO"],"name":"ColdBlood","playRequirements":{"REQ_MINION_TARGET":0,"REQ_TARGET_TO_PLAY":0},"rarity":"COMMON","set":"EXPERT1","text":"Giveaminion+2Attack.<b>Combo:</b>+4Attackinstead.","type":"SPELL"},{"artist":"TrevorJacobs","cardClass":"ROGUE","collectible":true,"cost":1,"dbfId":459,"flavor":"Roguesguardthesecretstopoison-makingcarefully,lestmagistartincorporatingpoisonintotheirspells.Poisonbolt?RainofPoison?PoisonElemental?Nobodywantsthat.","howToEarn":"UnlockedatLevel1.","howToEarnGolden":"UnlockedatLevel43.","id":"CS2_074","name":"DeadlyPoison","playRequirements":{"REQ_WEAPON_EQUIPPED":0},"rarity":"FREE","set":"CORE","text":"Giveyourweapon+2 Attack.","type":"SPELL"},{"artist":"FrankCho","cardClass":"ROGUE","collectible":true,"cost":1,"dbfId":710,"flavor":"There'ssomethingaboutthisstrikethatjustfeelsoff.Sinister,even.","howToEarn":"UnlockedatLevel1.","howToEarnGolden":"UnlockedatLevel15.","id":"CS2_075","name":"SinisterStrike","rarity":"FREE","set":"CORE","text":"Deal$3damagetothe enemyhero.","type":"SPELL"},{"artist":"GlennRane","cardClass":"ROGUE","collectible":true,"cost":5,"dbfId":345,"flavor":"Ifyoudon'twanttobeassassinated,movetotheBarrensandchangeyourname.Goodluck!","howToEarn":"UnlockedatLevel1.","howToEarnGolden":"UnlockedatLevel47.","id":"CS2_076","name":"Assassinate","playRequirements":{"REQ_ENEMY_TARGET":0,"REQ_MINION_TARGET":0,"REQ_TARGET_TO_PLAY":0},"rarity":"FREE","set":"CORE","text":"Destroyanenemyminion.","type":"SPELL"},{"artist":"JamesZhang","cardClass":"ROGUE","collectible":true,"cost":7,"dbfId":630,"flavor":"Roguesarenotgoodjoggers.","howToEarn":"UnlockedatLevel10.","howToEarnGolden":"UnlockedatLevel49.","id":"CS2_077","name":"Sprint","rarity":"FREE","set":"CORE","text":"Draw4cards.","type":"SPELL"},{"artist":"BrianHuang","attack":3,"cardClass":"ROGUE","collectible":true,"cost":5,"dbfId":421,"durability":4,"flavor":"Guaranteedtohavebeenownedbyarealassassin.Certificateofauthenticityincluded.","howToEarn":"UnlockedatLevel2.","howToEarnGolden":"UnlockedatLevel32.","id":"CS2_080","name":"Assassin'sBlade","rarity":"FREE","set":"CORE","type":"WEAPON"},{"artist":"HideakiTakamura","cardClass":"ROGUE","collectible":true,"cost":4,"dbfId":1064,"flavor":"\"Look,it'snotjustaboutwavingdaggersaroundreallyfast.It'salotmorecomplicatedthanthat.\"-Shan,RogueTrainer","id":"CS2_233","mechanics":["AFFECTED_BY_SPELL_POWER"],"name":"BladeFlurry","playRequirements":{"REQ_WEAPON_EQUIPPED":0},"rarity":"RARE","set":"EXPERT1","text":"Destroyyourweaponanddealitsdamagetoallenemyminions.","type":"SPELL"},{"artist":"ArielOlivetti","cardClass":"ROGUE","collectible":true,"cost":2,"dbfId":904,"flavor":"ThereisahighcosttoEvisceratingyouropponent:Ittakesalongtimetogetbloodstainsoutofleatherarmor.","id":"EX1_124","mechanics":["COMBO"],"name":"Eviscerate","playRequirements":{"REQ_TARGET_TO_PLAY":0},"rarity":"COMMON","set":"EXPERT1","text":"Deal$2damage.<b>Combo:</b>Deal$4damageinstead.","type":"SPELL"},{"artist":"LucasGraciano","cardClass":"ROGUE","collectible":true,"cost":2,"dbfId":282,"flavor":"Everyonehasaprice.Gnomes,forexample,canbepersuadedbystuffedanimalsandsmallamountsofchocolate.","id":"EX1_126","name":"Betrayal","playRequirements":{"REQ_ENEMY_TARGET":0,"REQ_MINION_TARGET":0,"REQ_TARGET_TO_PLAY":0},"rarity":"COMMON","set":"EXPERT1","text":"Forceanenemyminiontodealitsdamagetotheminionsnexttoit.","type":"SPELL"},{"artist":"SteveHui","cardClass":"ROGUE","collectible":true,"cost":1,"dbfId":990,"flavor":"Roguesconcealeverythingbuttheiremotions.Youcan'tget'emtoshutupaboutfeelings.","id":"EX1_128","name":"Conceal","rarity":"COMMON","referencedTags":["STEALTH"],"set":"HOF","text":"Giveyourminions<b>Stealth</b>untilyournext turn.","type":"SPELL"},{"artist":"AndrewRobinson","cardClass":"ROGUE","collectible":true,"cost":3,"dbfId":667,"flavor":"Iwouldn'tsayILOVEknives,butI'mdefinitelyafan.","howToEarn":"UnlockedatLevel4.","howToEarnGolden":"UnlockedatLevel28.","id":"EX1_129","name":"FanofKnives","rarity":"FREE","set":"CORE","text":"Deal$1damagetoallenemyminions.Draw acard.","type":"SPELL"},{"artist":"DanyOrizio","attack":2,"cardClass":"ROGUE","collectible":true,"cost":2,"dbfId":201,"flavor":"Hestolethedeedtotownyearsago,sotechnicallythetown<i>is</i>his.HejustcallspeopleScrubtobemean.","health":2,"id":"EX1_131","mechanics":["COMBO"],"name":"DefiasRingleader","rarity":"COMMON","set":"EXPERT1","text":"<b>Combo:</b>Summona2/1DefiasBandit.","type":"MINION"},{"artist":"DarenBader","attack":2,"cardClass":"ROGUE","collectible":true,"cost":3,"dbfId":391,"durability":2,"flavor":"Perdition'sBladeisRagnaros'sback-upweaponwhileSulfurasisintheshop.","id":"EX1_133","mechanics":["BATTLECRY","COMBO"],"name":"Perdition'sBlade","playRequirements":{"REQ_TARGET_IF_AVAILABLE":0},"rarity":"RARE","set":"EXPERT1","targetingArrowText":"Deal1damage.Combo:2instead.","text":"<b>Battlecry:</b>Deal1damage.<b>Combo:</b>Deal2instead.","type":"WEAPON"},{"artist":"ChrisMoeller","attack":3,"cardClass":"ROGUE","collectible":true,"cost":3,"dbfId":1117,"flavor":"TheagentsofSI:7areresponsibleforStormwind'scovertactivities.Theirdutiesincludeespionage,assassination,andthrowingsurprisebirthdaypartiesfortheroyalfamily.","health":3,"id":"EX1_134","mechanics":["COMBO"],"name":"SI:7Agent","playRequirements":{"REQ_TARGET_FOR_COMBO":0},"rarity":"RARE","set":"EXPERT1","targetingArrowText":"Deal2damage.","text":"<b>Combo:</b>Deal2damage.","type":"MINION"},{"artist":"JamesZhang","cardClass":"ROGUE","collectible":true,"cost":3,"dbfId":708,"flavor":"Whenallelsefails,nothingbeatsaswiftwhackupsidethehead.","id":"EX1_137","mechanics":["COMBO"],"name":"Headcrack","rarity":"RARE","set":"EXPERT1","text":"Deal$2damagetotheenemyhero.<b>Combo:</b>Returnthistoyourhandnextturn.","type":"SPELL"},{"artist":"GravenTung","cardClass":"ROGUE","collectible":true,"cost":0,"dbfId":365,"flavor":"RoguedancetroopswillsometimesShadowstepawayattheendofaperformance.Crowdsloveit.","id":"EX1_144","name":"Shadowstep","playRequirements":{"REQ_FRIENDLY_TARGET":0,"REQ_MINION_TARGET":0,"REQ_TARGET_TO_PLAY":0},"rarity":"COMMON","set":"EXPERT1","text":"Returnafriendlyminiontoyourhand.It costs(2)less.","type":"SPELL"},{"artist":"ClintLangley","cardClass":"ROGUE","collectible":true,"cost":0,"dbfId":1158,"flavor":"\"BePrepared\"-RogueMotto","id":"EX1_145","name":"Preparation","rarity":"EPIC","set":"EXPERT1","text":"Thenextspellyoucastthisturncosts(3)less.","type":"SPELL"},{"artist":"L.Lullabi&K.Turovec","cardClass":"ROGUE","collectible":true,"cost":1,"dbfId":52264,"flavor":"Theclassisalwaysgreenerontheothersideoftheboard.","id":"EX1_182","name":"Pilfer","rarity":"COMMON","set":"EXPERT1","text":"Addarandomcardtoyourhand<i>(fromyouropponent'sclass)</i>.","type":"SPELL"},{"artist":"AlexGarner","cardClass":"ROGUE","collectible":true,"cost":2,"dbfId":573,"flavor":"RoguesareexpertsatSHIV-al-ry.","howToEarn":"UnlockedatLevel6.","howToEarnGolden":"UnlockedatLevel45.","id":"EX1_278","name":"Shiv","playRequirements":{"REQ_TARGET_TO_PLAY":0},"rarity":"FREE","set":"CORE","text":"Deal$1damage.\nDrawacard.","type":"SPELL"},{"artist":"BenOlson","attack":1,"cardClass":"ROGUE","collectible":true,"cost":2,"dbfId":1133,"flavor":"He’snotreallythatpatient.Itjusttakesawhileforsomeonetowalkbythathecanactuallyreach.","health":1,"id":"EX1_522","mechanics":["POISONOUS","STEALTH"],"name":"PatientAssassin","rarity":"EPIC","set":"EXPERT1","text":"<b>Stealth</b>\n<b>Poisonous</b>","type":"MINION"},{"artist":"ScottAltmann","cardClass":"ROGUE","collectible":true,"cost":2,"dbfId":461,"flavor":"Rogueslovesappymovies.","howToEarn":"UnlockedatLevel1.","howToEarnGolden":"UnlockedatLevel40.","id":"EX1_581","name":"Sap","playRequirements":{"REQ_ENEMY_TARGET":0,"REQ_MINION_TARGET":0,"REQ_TARGET_TO_PLAY":0},"rarity":"FREE","set":"CORE","text":"Returnanenemyminiontoyouropponent'shand.","type":"SPELL"},{"artist":"EfremPalacios","attack":2,"cardClass":"ROGUE","collectible":true,"cost":3,"dbfId":306,"elite":true,"flavor":"HeledtheStonemasonsinthereconstructionofStormwind,andwhenthenoblesrefusedtopay,hefoundedtheDefiasBrotherhoodto,well,<i>deconstruct</i>Stormwind.","health":2,"id":"EX1_613","mechanics":["COMBO"],"name":"EdwinVanCleef","rarity":"LEGENDARY","set":"EXPERT1","text":"<b>Combo:</b>Gain+2/+2foreachothercardyou'veplayedthisturn.","type":"MINION"},{"artist":"RockNiu","cardClass":"ROGUE","collectible":true,"cost":2,"dbfId":46897,"flavor":"50%off.Everyshotmustgo!","id":"GIL_506","mechanics":["ECHO"],"name":"CheapShot","playRequirements":{"REQ_MINION_TARGET":0,"REQ_TARGET_TO_PLAY":0},"rarity":"COMMON","set":"GILNEAS","text":"<b>Echo</b>\nDeal$2damagetoa minion.","type":"SPELL"},{"artist":"PhilSaunders","attack":3,"cardClass":"ROGUE","collectible":true,"cost":4,"dbfId":46908,"flavor":"OnelittleMistwraithsittinginatree.M-I-S-T-I-N-G.","health":5,"id":"GIL_510","mechanics":["TRIGGER_VISUAL"],"name":"Mistwraith","rarity":"RARE","referencedTags":["ECHO"],"set":"GILNEAS","text":"Wheneveryouplayan<b>Echo</b> card,gain+1/+1.","type":"MINION"},{"artist":"TylerWestStudio","attack":5,"cardClass":"ROGUE","collectible":true,"cost":6,"dbfId":47071,"flavor":"Shewasanordinarycastaway...untilshefoundthatcursedvolleyball.","health":3,"id":"GIL_557","mechanics":["DEATHRATTLE","RUSH"],"name":"CursedCastaway","race":"PIRATE","rarity":"RARE","referencedTags":["COMBO"],"set":"GILNEAS","text":"<b>Rush</b>\n<b>Deathrattle:</b>Drawa<b>Combo</b>cardfromyourdeck.","type":"MINION"},{"artist":"J.Axer","attack":6,"cardClass":"ROGUE","collectible":true,"cost":8,"dbfId":47211,"elite":true,"flavor":"Thosewhocannotremembertheircardhistoryaredoomedtorepeatit.","health":6,"id":"GIL_598","mechanics":["BATTLECRY"],"name":"TessGreymane","rarity":"LEGENDARY","set":"GILNEAS","text":"[x]<b>Battlecry:</b>Replayeverycard\nfromanotherclassyou've\nplayedthisgame<i>(targets\nchosenrandomly)</i>.","type":"MINION"},{"artist":"NutchapolThitinunthakorn","attack":2,"cardClass":"ROGUE","collectible":true,"cost":4,"dbfId":47594,"durability":2,"flavor":"Sosharpitcancutthroughaspectraltomato!","id":"GIL_672","mechanics":["LIFESTEAL"],"name":"SpectralCutlass","rarity":"EPIC","set":"GILNEAS","text":"[x]<b>Lifesteal</b>\nWheneveryouplayacard\nfromanotherclass,\ngain+1Durability.","type":"WEAPON"},{"artist":"JamesRyman","attack":2,"cardClass":"ROGUE","collectible":true,"cost":3,"dbfId":47599,"elite":true,"flavor":"“I’lltradeyouaMalfurionforanAnduin.”","health":2,"id":"GIL_677","mechanics":["BATTLECRY","ECHO"],"name":"FaceCollector","rarity":"LEGENDARY","set":"GILNEAS","text":"<b>Echo</b>\n<b>Battlecry:</b>Addarandom<b>Legendary</b>miniontoyourhand.","type":"MINION"},{"artist":"KonstantinTurovec","cardClass":"ROGUE","collectible":true,"cost":4,"dbfId":47625,"flavor":"Wanted:DeadorUndead.","id":"GIL_687","name":"WANTED!","playRequirements":{"REQ_MINION_TARGET":0,"REQ_TARGET_TO_PLAY":0},"rarity":"EPIC","set":"GILNEAS","text":"Deal$3damagetoaminion.Ifthatkillsit,addaCointoyourhand.","type":"SPELL"},{"artist":"MauricioHerrera","cardClass":"ROGUE","collectible":true,"cost":2,"dbfId":47799,"flavor":"He'llpickanyone'spocket,exceptagnome's.He'dneverstoopsolow.","id":"GIL_696","mechanics":["ECHO"],"name":"PickPocket","rarity":"RARE","set":"GILNEAS","text":"<b>Echo</b>\nAddarandomcardtoyourhand<i>(fromyouropponent'sclass).</i>","type":"SPELL"},{"artist":"EvaWildermann","attack":3,"cardClass":"ROGUE","collectible":true,"cost":3,"dbfId":48199,"flavor":"It'slike,SUPERbadatstaringcontests.","health":3,"id":"GIL_827","mechanics":["BATTLECRY"],"name":"BlinkFox","race":"BEAST","rarity":"COMMON","set":"GILNEAS","text":"<b>Battlecry:</b>Addarandomcardtoyourhand<i>(fromyouropponent'sclass).</i>","type":"MINION"},{"artist":"KonstantinTurovec","attack":2,"cardClass":"ROGUE","collectible":true,"cost":3,"dbfId":48585,"flavor":"Inlifeheworkedasaswordswallower.","health":4,"id":"GIL_902","mechanics":["COMBO"],"name":"CutthroatBuccaneer","race":"PIRATE","rarity":"COMMON","set":"GILNEAS","text":"<b>Combo:</b>Giveyourweapon+1Attack.","type":"MINION"},{"artist":"BrianDespain","attack":5,"cardClass":"ROGUE","collectible":true,"cost":5,"dbfId":42712,"flavor":"\"Oil,\"\"Rail,\"and\"Blubber\"werealreadytaken.","health":5,"id":"ICC_065","mechanics":["DEATHRATTLE"],"name":"BoneBaron","rarity":"COMMON","set":"ICECROWN","text":"<b>Deathrattle:</b>Addtwo1/1Skeletonstoyourhand.","type":"MINION"},{"artist":"ZoltanBoros","cardClass":"ROGUE","collectible":true,"cost":2,"dbfId":42560,"flavor":"Callit:HeadsorTailbone…","id":"ICC_201","name":"RolltheBones","rarity":"RARE","referencedTags":["DEATHRATTLE"],"set":"ICECROWN","text":"Drawacard.\nIfithas<b>Deathrattle</b>,castthisagain.","type":"SPELL"},{"artist":"BenThompson","cardClass":"ROGUE","collectible":true,"cost":2,"dbfId":42665,"flavor":"Noactualleecheswereharmedinthecreationofthiscard.","id":"ICC_221","name":"LeechingPoison","playRequirements":{"REQ_WEAPON_EQUIPPED":0},"rarity":"COMMON","referencedTags":["LIFESTEAL"],"set":"ICECROWN","text":"Giveyourweapon<b>Lifesteal</b>.","type":"SPELL"},{"artist":"L.Lullabi&K.Turovec","cardClass":"ROGUE","collectible":true,"cost":1,"dbfId":42801,"flavor":"Guaranteedtoreturnyourweapondirectlytoyourhand!(Weargloves.Thickones.)","id":"ICC_233","mechanics":["ImmuneToSpellpower"],"name":"Doomerang","playRequirements":{"REQ_MINION_TARGET":0,"REQ_TARGET_TO_PLAY":0,"REQ_WEAPON_EQUIPPED":0},"rarity":"EPIC","set":"ICECROWN","text":"Throwyourweaponataminion.Itdealsitsdamage,thenreturnsto yourhand.","type":"SPELL"},{"artist":"SlawomirManiak","attack":5,"cardClass":"ROGUE","collectible":true,"cost":4,"dbfId":42819,"flavor":"Don'tworry,he'llkeepaneyeonthatforyou.","health":3,"id":"ICC_240","mechanics":["AURA"],"name":"RuneforgeHaunter","rarity":"RARE","set":"ICECROWN","text":"Duringyourturn,yourweapondoesn'tloseDurability.","type":"MINION"},{"artist":"DaveAllsop","attack":2,"cardClass":"ROGUE","collectible":true,"cost":3,"dbfId":43028,"flavor":"Theexcruciatingpainmeansit'sworking!","health":3,"id":"ICC_809","mechanics":["COMBO"],"name":"PlagueScientist","playRequirements":{"REQ_FRIENDLY_TARGET":0,"REQ_MINION_TARGET":0,"REQ_TARGET_FOR_COMBO":0},"rarity":"COMMON","referencedTags":["POISONOUS"],"set":"ICECROWN","targetingArrowText":"GivePoisonous.","text":"<b>Combo:</b>Giveafriendlyminion<b>Poisonous</b>.","type":"MINION"},{"artist":"GonzaloOrdonez","attack":4,"cardClass":"ROGUE","collectible":true,"cost":4,"dbfId":43031,"elite":true,"flavor":"Shedoesn'tfeelpity,orremorse,orfear.Andsheabsolutelywillnotstop...ever,untilallnecromancersaredead.","health":5,"id":"ICC_811","mechanics":["BATTLECRY"],"name":"LilianVoss","rarity":"LEGENDARY","set":"ICECROWN","text":"<b>Battlecry:</b>Replacespellsinyourhandwithrandomspells<i>(fromyouropponent'sclass).</i>","type":"MINION"},{"armor":5,"artist":"JamesRyman","cardClass":"ROGUE","collectible":true,"cost":9,"dbfId":43392,"elite":true,"flavor":"\"Runaway.Hideinyourpreciouskeeps,behindyourwallsandyourbodyguards.Nightalwaysfalls,andshadowswillfillyourhallowedhalls.Oneday,oneofthoseshadowswillbeme.\"","health":30,"id":"ICC_827","mechanics":["BATTLECRY"],"name":"ValeeratheHollow","rarity":"LEGENDARY","referencedTags":["STEALTH"],"set":"ICECROWN","text":"<b>Battlecry:</b>Gain<b>Stealth</b>untilyournextturn.","type":"HERO"},{"artist":"MatthewO'Connor","attack":3,"cardClass":"ROGUE","collectible":true,"cost":3,"dbfId":45338,"durability":2,"flavor":"It'stackytocallit\"Shadeblade.\"","id":"ICC_850","mechanics":["BATTLECRY"],"name":"Shadowblade","rarity":"RARE","referencedTags":["IMMUNE"],"set":"ICECROWN","text":"<b>Battlecry:</b>Yourherois<b>Immune</b>thisturn.","type":"WEAPON"},{"artist":"SamNielsen","attack":5,"cardClass":"ROGUE","collectible":true,"cost":6,"dbfId":45975,"flavor":"ItturnsoutyouCANtakeitwithyou.","health":5,"id":"ICC_910","mechanics":["COMBO"],"name":"SpectralPillager","playRequirements":{"REQ_TARGET_FOR_COMBO":0},"rarity":"EPIC","set":"ICECROWN","targetingArrowText":"Deal1damageforeachothercardplayedthisturn.","text":"[x]<b>Combo:</b>Dealdamageequal\ntothenumberofothercards\nyou'veplayedthisturn.","type":"MINION"},{"artist":"TylerWestStudios","attack":4,"cardClass":"ROGUE","collectible":true,"cost":4,"dbfId":43228,"flavor":"What’sworse?Seeingthespider,orNOTseeingthespider,butknowingit’ssomewhereinyourdeck?","health":4,"id":"LOOT_026","mechanics":["BATTLECRY"],"name":"Fal'doreiStrider","rarity":"EPIC","set":"LOOTAPALOOZA","text":"[x]<b>Battlecry:</b>Shuffle3\nAmbushesintoyourdeck.\nWhendrawn,summon\na4/4Spider.","type":"MINION"},{"artist":"MaxGrecke","attack":3,"cardClass":"ROGUE","collectible":true,"cost":2,"dbfId":43237,"flavor":"Theycallherthecandledvandal.","health":1,"id":"LOOT_033","mechanics":["BATTLECRY"],"name":"CavernShinyfinder","rarity":"COMMON","set":"LOOTAPALOOZA","text":"<b>Battlecry:</b>Drawaweaponfromyourdeck.","type":"MINION"},{"artist":"J.Axer","attack":2,"cardClass":"ROGUE","collectible":true,"cost":3,"dbfId":45263,"elite":true,"flavor":"Lovelikeyou'veneverbeenhurt.Dancelikea1/1iswatching.","health":2,"id":"LOOT_165","mechanics":["TRIGGER_VISUAL"],"name":"SonyaShadowdancer","rarity":"LEGENDARY","set":"LOOTAPALOOZA","text":"Afterafriendlyminiondies,adda1/1copyofittoyourhand.Itcosts(1).","type":"MINION"},{"artist":"AlexHorleyOrlandelli","cardClass":"ROGUE","collectible":true,"cost":2,"dbfId":45520,"flavor":"Reported.","id":"LOOT_204","mechanics":["SECRET"],"name":"CheatDeath","rarity":"COMMON","set":"LOOTAPALOOZA","text":"<b>Secret:</b>Whenafriendlyminiondies,returnittoyourhand.\nItcosts(2)less.","type":"SPELL"},{"artist":"MattDixon","cardClass":"ROGUE","collectible":true,"cost":2,"dbfId":45529,"flavor":"Youthoughthewasyourbro-bold,butturnsouthe'syourfoe-bold.","id":"LOOT_210","mechanics":["SECRET"],"name":"SuddenBetrayal","rarity":"COMMON","set":"LOOTAPALOOZA","text":"<b>Secret:</b>Whenaminionattacksyourhero,insteaditattacksoneof itsneighbors.","type":"SPELL"},{"artist":"WayneWu","attack":3,"cardClass":"ROGUE","collectible":true,"cost":4,"dbfId":45531,"flavor":"\"AfterthatgiginHamlinwentsouth,Isworeoffrats.\"","health":2,"id":"LOOT_211","mechanics":["COMBO"],"name":"ElvenMinstrel","playRequirements":{"REQ_FRIENDLY_TARGET":0,"REQ_MINION_TARGET":0},"rarity":"RARE","set":"LOOTAPALOOZA","text":"<b>Combo:</b>Draw2minionsfromyourdeck.","type":"MINION"},{"artist":"MauricioHerrera","cardClass":"ROGUE","collectible":true,"cost":2,"dbfId":45535,"flavor":"Worksonweapons,missiles,andtaxes.","id":"LOOT_214","mechanics":["SECRET"],"name":"Evasion","rarity":"EPIC","set":"LOOTAPALOOZA","text":"<b>Secret:</b>Afteryourherotakesdamage,become<b>Immune</b>thisturn.","type":"SPELL"},{"artist":"AlexHorleyOrlandelli","attack":3,"cardClass":"ROGUE","collectible":true,"cost":4,"dbfId":45936,"faction":"ALLIANCE","flavor":"HecanmakeANYTHINGlooklikeacandle.","health":3,"id":"LOOT_412","mechanics":["DEATHRATTLE"],"name":"KoboldIllusionist","rarity":"RARE","set":"LOOTAPALOOZA","text":"<b>Deathrattle:</b>Summona1/1copyofaminionfromyourhand.","type":"MINION"},{"artist":"ArthurBozonnet","cardClass":"ROGUE","collectible":true,"collectionText":"Destroy1randomenemyminion.\n<i>(Play3<b>Deathrattle</b>cardstoupgrade.)</i>","cost":5,"dbfId":46296,"flavor":"Thetrollsofoldembracedthegift\nAjewelofblackfordaggersswift\nNopartylastswhofindsthestone\nThosewieldingitsoonstandalone.","id":"LOOT_503","name":"LesserOnyxSpellstone","playRequirements":{"REQ_MINIMUM_ENEMY_MINIONS":1},"rarity":"RARE","referencedTags":["DEATHRATTLE"],"set":"LOOTAPALOOZA","text":"Destroy1randomenemyminion.\n@<i>(Play3<b>Deathrattle</b>cardstoupgrade.)</i>","type":"SPELL"},{"artist":"EvgeniyDlinnov","attack":1,"cardClass":"ROGUE","collectible":true,"cost":1,"dbfId":47035,"durability":3,"elite":true,"flavor":"Butithasasoftspotforemperors.","health":3,"id":"LOOT_542","mechanics":["DEATHRATTLE"],"name":"Kingsbane","rarity":"LEGENDARY","set":"LOOTAPALOOZA","text":"[x]<b>Deathrattle:</b>Shuffle\nthisintoyourdeck.\nItkeepsany\nenchantments.","type":"WEAPON"},{"artist":"SeanO’Daniels","cardClass":"ROGUE","collectible":true,"cost":6,"dbfId":196,"howToEarn":"UnlockedatLevel8.","howToEarnGolden":"UnlockedatLevel23.","id":"NEW1_004","name":"Vanish","rarity":"FREE","set":"CORE","text":"Returnallminionstotheirowner'shand.","type":"SPELL"},{"artist":"DaveAllsop","attack":5,"cardClass":"ROGUE","collectible":true,"cost":6,"dbfId":287,"flavor":"Hejustwantspeopletoseehisvacationphotos.","health":3,"id":"NEW1_005","mechanics":["COMBO"],"name":"Kidnapper","playRequirements":{"REQ_MINION_TARGET":0,"REQ_TARGET_FOR_COMBO":0},"rarity":"EPIC","set":"EXPERT1","targetingArrowText":"Returnaminiontohand.","text":"<b>Combo:</b>Returnaminionto itsowner'shand.","type":"MINION"},{"artist":"RonSpencer","attack":4,"cardClass":"ROGUE","collectible":true,"cost":4,"dbfId":887,"flavor":"She'sactuallyamaletauren.Peopledon'tcallhim\"MasterofDisguise\"fornothing.","health":4,"id":"NEW1_014","mechanics":["BATTLECRY"],"name":"MasterofDisguise","playRequirements":{"REQ_FRIENDLY_TARGET":0,"REQ_MINION_TARGET":0,"REQ_NONSELF_TARGET":0,"REQ_TARGET_IF_AVAILABLE":0},"rarity":"RARE","referencedTags":["STEALTH"],"set":"EXPERT1","targetingArrowText":"Give<b>Stealth</b>.","text":"<b>Battlecry:</b>Giveafriendlyminion<b>Stealth</b>untilyournextturn.","type":"MINION"},{"artist":"ChanchaiLuechaiwattanasopon","cardClass":"ROGUE","collectible":true,"cost":2,"dbfId":41207,"flavor":"Theresultofafundamentalmisunderstandingofthephrase\"flowerpower\".","id":"UNG_057","name":"RazorpetalVolley","rarity":"COMMON","set":"UNGORO","text":"AddtwoRazorpetalsto yourhandthatdeal 1damage.","type":"SPELL"},{"artist":"SojinHwang","attack":2,"cardClass":"ROGUE","collectible":true,"cost":2,"dbfId":41208,"flavor":"ThereasonwhytherearenozombiesinUn'goro.","health":2,"id":"UNG_058","mechanics":["BATTLECRY"],"name":"RazorpetalLasher","rarity":"COMMON","set":"UNGORO","text":"[x]<b>Battlecry:</b>Adda\nRazorpetaltoyourhand\nthatdeals1damage.","type":"MINION"},{"artist":"ZoltanBoros","cardClass":"ROGUE","collectible":true,"cost":3,"dbfId":41212,"flavor":"Jinx!","id":"UNG_060","name":"MimicPod","playRequirements":{"REQ_MINION_TARGET":0},"rarity":"RARE","set":"UNGORO","text":"Drawacard,thenaddacopyofittoyourhand.","type":"SPELL"},{"artist":"KonstantinTurovec","attack":3,"cardClass":"ROGUE","collectible":true,"cost":4,"dbfId":41213,"durability":3,"flavor":"Youknowyou’reaRoguewhenasharprockmakesyougo“Ooh! Dagger!”","id":"UNG_061","name":"ObsidianShard","rarity":"RARE","set":"UNGORO","text":"[x]Costs(1)lessforeach\ncardyou'veplayedfrom\nanotherclass.","type":"WEAPON"},{"artist":"CraigElliot","attack":1,"cardClass":"ROGUE","collectible":true,"cost":2,"dbfId":41216,"flavor":"AKAEdwinVanLeaf.","health":1,"id":"UNG_063","mechanics":["COMBO"],"name":"Biteweed","rarity":"EPIC","set":"UNGORO","text":"<b>Combo:</b>Gain+1/+1foreachothercardyou'veplayedthisturn.","type":"MINION"},{"artist":"EfremPalacios","attack":3,"cardClass":"ROGUE","collectible":true,"cost":5,"dbfId":41217,"flavor":"'Causeslayersgonnaslay,slay,slay,slay,slay.","health":4,"id":"UNG_064","mechanics":["COMBO"],"name":"VilespineSlayer","playRequirements":{"REQ_MINION_TARGET":0,"REQ_TARGET_FOR_COMBO":0},"rarity":"EPIC","set":"UNGORO","targetingArrowText":"Destroyaminion.","text":"<b>Combo:</b>Destroyaminion.","type":"MINION"},{"artist":"MattDixon","attack":5,"cardClass":"ROGUE","collectible":true,"cost":4,"dbfId":41218,"elite":true,"flavor":"ATortollangardener'sworstnightmare.","health":3,"id":"UNG_065","mechanics":["DEATHRATTLE"],"name":"Sherazin,CorpseFlower","rarity":"LEGENDARY","set":"UNGORO","text":"<b>Deathrattle:</b>Godormant.Play4cardsinaturntorevivethisminion.","type":"MINION"},{"artist":"JamesRyman","cardClass":"ROGUE","collectible":true,"cost":1,"dbfId":41222,"elite":true,"flavor":"Whycan'titeverbeTheTavernsBelow?","id":"UNG_067","mechanics":["QUEST"],"name":"TheCavernsBelow","questReward":"UNG_067t1","rarity":"LEGENDARY","set":"UNGORO","text":"[x]<b>Quest:</b>Playfiveminions\nwiththesamename.\n<b>Reward:</b>CrystalCore.","type":"SPELL"},{"artist":"MauricioHerrera","cardClass":"ROGUE","collectible":true,"cost":3,"dbfId":41834,"flavor":"LikeDeadlyPoison,butdeadlier.","id":"UNG_823","name":"EnvenomWeapon","playRequirements":{"REQ_WEAPON_EQUIPPED":0},"rarity":"RARE","referencedTags":["POISONOUS"],"set":"UNGORO","text":"Giveyourweapon<b>Poisonous</b>.","type":"SPELL"},{"artist":"DariaTuzova","cardClass":"ROGUE","collectible":true,"cost":1,"dbfId":42011,"flavor":"It'sthegoodkindofhallucination.","id":"UNG_856","name":"Hallucination","rarity":"COMMON","referencedTags":["DISCOVER"],"set":"UNGORO","text":"<b>Discover</b>acardfromyouropponent'sclass.","type":"SPELL"}]