[{"artist":"WayneWu","cardClass":"SHAMAN","collectible":true,"cost":2,"dbfId":48051,"flavor":"It'sjustaTempestTantrum.","id":"BOT_093","name":"ElementaryReaction","playRequirements":{"REQ_FRIENDLY_TARGET":0,"REQ_TARGET_WITH_DEATHRATTLE":0},"rarity":"COMMON","set":"BOOMSDAY","text":"Drawacard.Copyitif youplayedanElementallastturn.","type":"SPELL"},{"artist":"PeterStapleton","cardClass":"SHAMAN","collectible":true,"cost":6,"dbfId":48799,"flavor":"Geniusis1%inspiration,and99%drawingyourDeathwing.","id":"BOT_099","name":"Eureka!","playRequirements":{"REQ_NUM_MINION_SLOTS":1},"rarity":"RARE","set":"BOOMSDAY","text":"Summonacopyof a randomminionfromyourhand.","type":"SPELL"},{"artist":"J.Paick&K.Turovec","cardClass":"SHAMAN","collectible":true,"cost":7,"dbfId":48161,"elite":true,"flavor":"Finally,Electracanworkfromhome.","id":"BOT_245","name":"TheStormBringer","rarity":"LEGENDARY","set":"BOOMSDAY","text":"Transformyourminionsintorandom<b>Legendary</b>minions.","type":"SPELL"},{"artist":"EvgeniyDlinnov","cardClass":"SHAMAN","collectible":true,"cost":0,"dbfId":48798,"flavor":"Workinginashaman'slab,it'simportanttobewell-grounded.","id":"BOT_246","mechanics":["OVERLOAD"],"name":"BeakeredLightning","overload":2,"rarity":"COMMON","set":"BOOMSDAY","text":"Deal$1damagetoallminions.<b>Overload:</b>(2)","type":"SPELL"},{"artist":"LucaZontini","attack":3,"cardClass":"SHAMAN","collectible":true,"cost":4,"dbfId":48490,"flavor":"Bestdrankafterastiffgale.","health":4,"id":"BOT_291","mechanics":["BATTLECRY"],"name":"StormChaser","race":"ELEMENTAL","rarity":"RARE","set":"BOOMSDAY","text":"<b>Battlecry:</b>Drawaspellfromyourdeckthatcosts (5)ormore.","type":"MINION"},{"artist":"MikeSass","attack":3,"cardClass":"SHAMAN","collectible":true,"cost":4,"dbfId":48527,"flavor":"MostofhisfriendsarestillMetalheads.","health":5,"id":"BOT_407","mechanics":["TRIGGER_VISUAL"],"name":"Thunderhead","race":"ELEMENTAL","rarity":"EPIC","referencedTags":["OVERLOAD","RUSH"],"set":"BOOMSDAY","text":"[x]Afteryouplayacardwith\n<b>Overload</b>,summontwo\n1/1Sparkswith<b>Rush</b>.","type":"MINION"},{"artist":"L.Lullabi&K.Turovec","attack":3,"cardClass":"SHAMAN","collectible":true,"cost":3,"dbfId":48537,"elite":true,"flavor":"\"Thecoin?YouusedmeforTHECOIN!?\"","health":3,"id":"BOT_411","mechanics":["BATTLECRY"],"name":"ElectraStormsurge","race":"ELEMENTAL","rarity":"LEGENDARY","set":"BOOMSDAY","text":"<b>Battlecry:</b>Yournextspellthisturncaststwice.","type":"MINION"},{"artist":"ZoltanBoros","cardClass":"SHAMAN","collectible":true,"cost":1,"dbfId":49052,"flavor":"Batterieshavethreecomponents:Cathode,Anode,andOverload.","id":"BOT_451","mechanics":["OVERLOAD"],"name":"VoltaicBurst","overload":1,"playRequirements":{"REQ_NUM_MINION_SLOTS":1},"rarity":"RARE","referencedTags":["RUSH"],"set":"BOOMSDAY","text":"Summontwo1/1Sparkswith<b>Rush</b>.<b>Overload:</b>(1)","type":"SPELL"},{"artist":"DariaTuzova","attack":2,"cardClass":"SHAMAN","collectible":true,"cost":2,"dbfId":49162,"flavor":"Electrastoresherelementalsinthecloud.","health":2,"id":"BOT_533","mechanics":["BATTLECRY"],"name":"MenacingNimbus","race":"ELEMENTAL","rarity":"COMMON","set":"BOOMSDAY","text":"<b>Battlecry:</b>AddarandomElementaltoyourhand.","type":"MINION"},{"artist":"AlexHorleyOrlandelli","attack":2,"cardClass":"SHAMAN","collectible":true,"cost":2,"dbfId":49175,"flavor":"Hasaside-businesssellingherlipstickshade,\"OmegaRed.\"","health":3,"id":"BOT_543","mechanics":["BATTLECRY"],"name":"OmegaMind","rarity":"EPIC","referencedTags":["LIFESTEAL"],"set":"BOOMSDAY","text":"[x]<b>Battlecry:</b>Ifyouhave10\nManaCrystals,yourspells\nhave<b>Lifesteal</b>thisturn.","type":"MINION"},{"artist":"AlexHorleyOrlandelli","cardClass":"SHAMAN","collectible":true,"cost":1,"dbfId":971,"flavor":"FROSTSHOCK!","howToEarn":"UnlockedatLevel1.","howToEarnGolden":"UnlockedatLevel32.","id":"CS2_037","mechanics":["FREEZE"],"name":"FrostShock","playRequirements":{"REQ_ENEMY_TARGET":0,"REQ_TARGET_TO_PLAY":0},"rarity":"FREE","set":"CORE","text":"Deal$1damagetoanenemycharacterand<b>Freeze</b>it.","type":"SPELL"},{"artist":"Zoltan&Gabor","cardClass":"SHAMAN","collectible":true,"cost":2,"dbfId":404,"flavor":"Itwasjustafleshwound.","id":"CS2_038","name":"AncestralSpirit","playRequirements":{"REQ_MINION_TARGET":0,"REQ_TARGET_TO_PLAY":0},"rarity":"RARE","referencedTags":["DEATHRATTLE"],"set":"EXPERT1","text":"Giveaminion\"<b>Deathrattle:</b>Resummonthisminion.\"","type":"SPELL"},{"artist":"JustinSweet","cardClass":"SHAMAN","collectible":true,"cost":2,"dbfId":51,"flavor":"WindfuryislikeEarthfuryandFirefury,butmorelightandairy.","howToEarn":"UnlockedatLevel1.","howToEarnGolden":"UnlockedatLevel23.","id":"CS2_039","name":"Windfury","playRequirements":{"REQ_MINION_TARGET":0,"REQ_TARGET_TO_PLAY":0},"rarity":"FREE","referencedTags":["WINDFURY"],"set":"CORE","text":"Giveaminion<b>Windfury</b>.","type":"SPELL"},{"artist":"DanScott","cardClass":"SHAMAN","collectible":true,"cost":0,"dbfId":149,"flavor":"Ipersonallyprefersomenon-ancestralright-the-heck-nowhealing,butmaybethatisjustme.","howToEarn":"UnlockedatLevel1.","howToEarnGolden":"UnlockedatLevel15.","id":"CS2_041","name":"AncestralHealing","playRequirements":{"REQ_MINION_TARGET":0,"REQ_TARGET_TO_PLAY":0},"rarity":"FREE","referencedTags":["TAUNT"],"set":"CORE","text":"Restoreaminion\ntofullHealthand\ngiveit<b>Taunt</b>.","type":"SPELL"},{"artist":"RalphHorsley","attack":6,"cardClass":"SHAMAN","collectible":true,"cost":6,"dbfId":189,"flavor":"Hecannevertakeabath.Ewww.","health":5,"howToEarn":"UnlockedatLevel10.","howToEarnGolden":"UnlockedatLevel49.","id":"CS2_042","mechanics":["BATTLECRY"],"name":"FireElemental","playRequirements":{"REQ_TARGET_IF_AVAILABLE":0},"race":"ELEMENTAL","rarity":"FREE","set":"CORE","targetingArrowText":"Deal3damage.","text":"<b>Battlecry:</b>Deal3damage.","type":"MINION"},{"artist":"AlexHorleyOrlandelli","cardClass":"SHAMAN","collectible":true,"cost":2,"dbfId":239,"flavor":"Thiswouldberealhandyifyourenemyismadeofrock.","howToEarn":"UnlockedatLevel1.","howToEarnGolden":"UnlockedatLevel36.","id":"CS2_045","name":"RockbiterWeapon","playRequirements":{"REQ_FRIENDLY_TARGET":0,"REQ_TARGET_TO_PLAY":0},"rarity":"FREE","set":"CORE","text":"Giveafriendlycharacter+3Attackthisturn.","type":"SPELL"},{"artist":"LucaZontini","cardClass":"SHAMAN","collectible":true,"cost":5,"dbfId":1171,"flavor":"blaarghghLLGHRHARAAHAHHH!!","howToEarn":"UnlockedatLevel2.","howToEarnGolden":"UnlockedatLevel40.","id":"CS2_046","name":"Bloodlust","rarity":"FREE","set":"CORE","text":"Giveyourminions+3 Attackthisturn.","type":"SPELL"},{"artist":"LarsGrant-West","cardClass":"SHAMAN","collectible":true,"cost":3,"dbfId":818,"flavor":"Drek'tharcan'tsee,buthecan<i>see</i>.YouknowwhatImean?It'sokifyoudon't.","id":"CS2_053","name":"FarSight","rarity":"EPIC","set":"EXPERT1","text":"Drawacard.Thatcardcosts(3)less.","type":"SPELL"},{"artist":"Daarken","cardClass":"SHAMAN","collectible":true,"cost":1,"dbfId":505,"flavor":"LightningBolt!LightningBolt!LightningBolt!","id":"EX1_238","mechanics":["OVERLOAD"],"name":"LightningBolt","overload":1,"playRequirements":{"REQ_TARGET_TO_PLAY":0},"rarity":"COMMON","set":"EXPERT1","text":"Deal$3damage.<b>Overload:</b>(1)","type":"SPELL"},{"artist":"DanScott","cardClass":"SHAMAN","collectible":true,"cost":3,"dbfId":864,"flavor":"It'slikeanoceanofliquidmagmainyourmouth!","id":"EX1_241","mechanics":["OVERLOAD"],"name":"LavaBurst","overload":2,"playRequirements":{"REQ_TARGET_TO_PLAY":0},"rarity":"RARE","set":"EXPERT1","text":"Deal$5damage.<b>Overload:</b>(2)","type":"SPELL"},{"artist":"RaymondSwanland","attack":3,"cardClass":"SHAMAN","collectible":true,"cost":1,"dbfId":618,"flavor":"Westfallisfullofdustdevils.Andbuzzards.Andcrazedgolems.Andpirates.Whydoesanyonelivehere?","health":1,"id":"EX1_243","mechanics":["OVERLOAD","WINDFURY"],"name":"DustDevil","overload":2,"race":"ELEMENTAL","rarity":"COMMON","set":"EXPERT1","text":"<b>Windfury</b>.<b>Overload:</b>(2)","type":"MINION"},{"artist":"TrentKaniuga","cardClass":"SHAMAN","collectible":true,"cost":0,"dbfId":830,"flavor":"Totem-stompingisnolongerrecommended.","howToEarn":"UnlockedatLevel6.","howToEarnGolden":"UnlockedatLevel28.","id":"EX1_244","name":"TotemicMight","rarity":"FREE","set":"CORE","text":"GiveyourTotems+2 Health.","type":"SPELL"},{"artist":"KevinChin","cardClass":"SHAMAN","collectible":true,"cost":1,"dbfId":767,"flavor":"EarthShock?Shouldn'titbe\"AzerothShock\"?","id":"EX1_245","mechanics":["SILENCE"],"name":"EarthShock","playRequirements":{"REQ_MINION_TARGET":0,"REQ_TARGET_TO_PLAY":0},"rarity":"COMMON","set":"EXPERT1","text":"<b>Silence</b>aminion,thendeal$1damagetoit.","type":"SPELL"},{"artist":"SteveHui","cardClass":"SHAMAN","collectible":true,"cost":4,"dbfId":766,"flavor":"IfyouHexaMurloc...itreallyisn'tmuchofachange,isit?","howToEarn":"UnlockedatLevel1.","howToEarnGolden":"UnlockedatLevel47.","id":"EX1_246","name":"Hex","playRequirements":{"REQ_MINION_TARGET":0,"REQ_TARGET_TO_PLAY":0},"rarity":"FREE","referencedTags":["TAUNT"],"set":"CORE","text":"Transformaminionintoa0/1Frogwith<b>Taunt</b>.","type":"SPELL"},{"artist":"NateBowden","attack":2,"cardClass":"SHAMAN","collectible":true,"cost":2,"dbfId":960,"durability":3,"flavor":"Yo,that'saniceaxe.","id":"EX1_247","mechanics":["OVERLOAD"],"name":"StormforgedAxe","overload":1,"rarity":"COMMON","set":"EXPERT1","text":"<b>Overload:</b>(1)","type":"WEAPON"},{"artist":"ClintLangley","cardClass":"SHAMAN","collectible":true,"cost":3,"dbfId":238,"flavor":"Spiritwolvesarelikeregularwolveswithpom-poms.","id":"EX1_248","mechanics":["OVERLOAD"],"name":"FeralSpirit","overload":2,"playRequirements":{"REQ_NUM_MINION_SLOTS":1},"rarity":"RARE","referencedTags":["TAUNT"],"set":"EXPERT1","text":"Summontwo2/3SpiritWolveswith<b>Taunt</b>.<b>Overload:</b>(2)","type":"SPELL"},{"artist":"DanScott","attack":7,"cardClass":"SHAMAN","collectible":true,"cost":5,"dbfId":1141,"flavor":"Nothingbeatsrock.","health":8,"id":"EX1_250","mechanics":["OVERLOAD","TAUNT"],"name":"EarthElemental","overload":3,"race":"ELEMENTAL","rarity":"EPIC","set":"EXPERT1","text":"<b>Taunt</b>\n<b><b>Overload</b>:</b>(3)","type":"MINION"},{"artist":"RalphHorsley","cardClass":"SHAMAN","collectible":true,"cost":1,"dbfId":299,"flavor":"IfyoucombineitwithSpoonedLightningandKnivedLightning,youhavethefulldiningset.","id":"EX1_251","mechanics":["OVERLOAD"],"name":"ForkedLightning","overload":2,"playRequirements":{"REQ_MINIMUM_ENEMY_MINIONS":2},"rarity":"COMMON","set":"EXPERT1","text":"Deal$2damageto2 randomenemyminions.<b>Overload:</b>(2)","type":"SPELL"},{"artist":"MattGaser","attack":2,"cardClass":"SHAMAN","collectible":true,"cost":3,"dbfId":774,"flavor":"Unlikeboundelementals,Unboundonesreallyenjoyanightonthetown.","health":4,"id":"EX1_258","mechanics":["TRIGGER_VISUAL"],"name":"UnboundElemental","race":"ELEMENTAL","rarity":"COMMON","referencedTags":["OVERLOAD"],"set":"EXPERT1","text":"Wheneveryouplayacard with<b>Overload</b>,gain +1/+1.","type":"MINION"},{"artist":"ChristopherMoeller","cardClass":"SHAMAN","collectible":true,"cost":3,"dbfId":629,"flavor":"Anumbrellawon'tbeeffective,I'mafraid.","id":"EX1_259","mechanics":["OVERLOAD"],"name":"LightningStorm","overload":2,"rarity":"RARE","set":"EXPERT1","text":"Deal$2-$3damagetoall enemyminions.<b>Overload:</b>(2)","type":"SPELL"},{"artist":"JonathanRyder","attack":0,"cardClass":"SHAMAN","collectible":true,"cost":2,"dbfId":1008,"flavor":"Totemsmithsliketousetherarestwoodsfortheirtotems.ThereareevenrumorsoftotemsmadeofIronbarkProtectors.","health":3,"howToEarn":"UnlockedatLevel4.","howToEarnGolden":"UnlockedatLevel43.","id":"EX1_565","mechanics":["ADJACENT_BUFF","AURA"],"name":"FlametongueTotem","race":"TOTEM","rarity":"FREE","set":"CORE","text":"Adjacentminionshave+2 Attack.","type":"MINION"},{"artist":"JohnPolidora","attack":2,"cardClass":"SHAMAN","collectible":true,"cost":5,"dbfId":352,"durability":8,"flavor":"OrgrimDoomhammergavethislegendaryweapontoThrall.Hisnameisatotalcoincidence.","id":"EX1_567","mechanics":["OVERLOAD","WINDFURY"],"name":"Doomhammer","overload":2,"rarity":"EPIC","set":"EXPERT1","text":"<b>Windfury,Overload:</b>(2)","type":"WEAPON"},{"artist":"ScottAltmann","attack":0,"cardClass":"SHAMAN","collectible":true,"cost":3,"dbfId":513,"flavor":"Itissaidthatsomeshamancansay\"Floatin'totem\"10times,fast.","health":3,"id":"EX1_575","mechanics":["TRIGGER_VISUAL"],"name":"ManaTideTotem","race":"TOTEM","rarity":"RARE","set":"EXPERT1","text":"Attheendofyourturn,drawacard.","type":"MINION"},{"artist":"VanceKovacs","attack":3,"cardClass":"SHAMAN","collectible":true,"cost":4,"dbfId":178,"flavor":"IsthereanythingworsethanaWindspeakerwithhalitosis?","health":3,"howToEarn":"UnlockedatLevel8.","howToEarnGolden":"UnlockedatLevel45.","id":"EX1_587","mechanics":["BATTLECRY"],"name":"Windspeaker","playRequirements":{"REQ_FRIENDLY_TARGET":0,"REQ_MINION_TARGET":0,"REQ_TARGET_IF_AVAILABLE":0},"rarity":"FREE","referencedTags":["WINDFURY"],"set":"CORE","targetingArrowText":"Give<b>Windfury</b>.","text":"<b>Battlecry:</b>Giveafriendlyminion<b>Windfury</b>.","type":"MINION"},{"armor":5,"artist":"AlexHorleyOrlandelli","cardClass":"SHAMAN","collectible":true,"cost":8,"dbfId":46887,"elite":true,"flavor":"Curse-bringer,tree-twister,motherofwretchedthings…Hanzomain.","health":30,"id":"GIL_504","mechanics":["BATTLECRY"],"name":"HagathatheWitch","rarity":"LEGENDARY","set":"GILNEAS","text":"<b>Battlecry:</b>Deal3damagetoallminions.","type":"HERO"},{"artist":"LucaZontini","attack":2,"cardClass":"SHAMAN","collectible":true,"cost":2,"dbfId":46996,"flavor":"Makesshockinglygoodunagi.","health":3,"id":"GIL_530","mechanics":["BATTLECRY"],"name":"MurksparkEel","playRequirements":{"REQ_DRAG_TO_PLAY":0},"race":"BEAST","rarity":"RARE","set":"GILNEAS","targetingArrowText":"Deal2damage.","text":"<b>Battlecry:</b>Ifyourdeckhasonlyeven-Costcards,deal 2damage.","type":"MINION"},{"artist":"SamHogg","attack":0,"cardClass":"SHAMAN","collectible":true,"cost":1,"dbfId":46998,"flavor":"Issheafrogthatbecameawitch,orawitchthatbecameafrog?","health":1,"id":"GIL_531","mechanics":["BATTLECRY","TAUNT"],"name":"Witch'sApprentice","race":"BEAST","rarity":"COMMON","set":"GILNEAS","text":"<b>Taunt</b>\n<b>Battlecry:</b>AddarandomShamanspelltoyourhand.","type":"MINION"},{"artist":"MattDixon","attack":2,"cardClass":"SHAMAN","collectible":true,"cost":4,"dbfId":47138,"flavor":"Whenregulartotemhourswon'tcutit.","health":3,"id":"GIL_583","mechanics":["BATTLECRY","TAUNT"],"name":"TotemCruncher","race":"BEAST","rarity":"EPIC","set":"GILNEAS","text":"<b>Taunt</b>\n<b>Battlecry:</b>DestroyyourTotems.Gain+2/+2foreachdestroyed.","type":"MINION"},{"artist":"AlexHorleyOrlandelli","cardClass":"SHAMAN","collectible":true,"cost":2,"dbfId":47152,"flavor":"Oritmightnot.","id":"GIL_586","name":"EarthenMight","playRequirements":{"REQ_MINION_TARGET":0,"REQ_TARGET_TO_PLAY":0},"rarity":"RARE","set":"GILNEAS","text":"[x]Giveaminion+2/+2.\nIfit'sanElemental,add\narandomElemental\ntoyourhand.","type":"SPELL"},{"artist":"JasonKang","cardClass":"SHAMAN","collectible":true,"cost":0,"dbfId":47222,"flavor":"Thematerialcomponentsforthisspellarewoolsocksandarug.","id":"GIL_600","mechanics":["AFFECTED_BY_SPELL_POWER","OVERLOAD"],"name":"Zap!","overload":1,"playRequirements":{"REQ_MINION_TARGET":0,"REQ_TARGET_TO_PLAY":0},"rarity":"COMMON","set":"GILNEAS","text":"Deal$2damagetoaminion.<b>Overload:</b>(1)","type":"SPELL"},{"artist":"JasonKang","attack":2,"cardClass":"SHAMAN","collectible":true,"cost":2,"dbfId":47600,"flavor":"BoOooOogrglgrlgrlooOoOoo!","health":2,"id":"GIL_678","mechanics":["ECHO"],"name":"GhostLightAngler","race":"MURLOC","rarity":"COMMON","set":"GILNEAS","text":"<b>Echo</b>","type":"MINION"},{"artist":"JimNelson","attack":4,"cardClass":"SHAMAN","collectible":true,"cost":7,"dbfId":47873,"flavor":"ThetrickypartisgettingthemtoHOLDtheirshape.","health":8,"id":"GIL_807","mechanics":["TRIGGER_VISUAL"],"name":"Bogshaper","race":"ELEMENTAL","rarity":"EPIC","set":"GILNEAS","text":"Wheneveryoucastaspell,drawaminionfromyour deck.","type":"MINION"},{"artist":"MattDixon","attack":6,"cardClass":"SHAMAN","collectible":true,"cost":9,"dbfId":48111,"elite":true,"flavor":"BewaretheShudderwock,myson.We'refreshoutofvorpaldaggers.","health":6,"id":"GIL_820","mechanics":["BATTLECRY"],"name":"Shudderwock","rarity":"LEGENDARY","set":"GILNEAS","text":"[x]<b>Battlecry:</b>Repeatallother\n<b>Battlecries</b>fromcardsyou\nplayedthisgame<i>(targets\nchosenrandomly)</i>.","type":"MINION"},{"artist":"DanScott","cardClass":"SHAMAN","collectible":true,"cost":1,"dbfId":48393,"flavor":"Alotofshamanhavestartedvapingtheirinvocations.","id":"GIL_836","name":"BlazingInvocation","rarity":"RARE","referencedTags":["BATTLECRY","DISCOVER"],"set":"GILNEAS","text":"<b>Discover</b>a<b>Battlecry</b>minion.","type":"SPELL"},{"artist":"A.J.Nazzaro","cardClass":"SHAMAN","collectible":true,"cost":2,"dbfId":42676,"flavor":"We'llthawyououtwhenwefindacure!","id":"ICC_056","name":"Cryostasis","playRequirements":{"REQ_MINION_TARGET":0,"REQ_TARGET_TO_PLAY":0},"rarity":"EPIC","referencedTags":["FREEZE"],"set":"ICECROWN","text":"Giveaminion+3/+3and<b>Freeze</b>it.","type":"SPELL"},{"artist":"JaeminKim","attack":2,"cardClass":"SHAMAN","collectible":true,"cost":2,"dbfId":42678,"flavor":"Hemaybefrozenfish,buthefightsfresh!","health":2,"id":"ICC_058","mechanics":["BATTLECRY"],"name":"Brrrloc","playRequirements":{"REQ_ENEMY_TARGET":0,"REQ_TARGET_IF_AVAILABLE":0},"race":"MURLOC","rarity":"COMMON","referencedTags":["FREEZE"],"set":"ICECROWN","targetingArrowText":"Freezeanenemy.","text":"<b>Battlecry:</b><b>Freeze</b>an enemy.","type":"MINION"},{"artist":"ZoltanBoros","cardClass":"SHAMAN","collectible":true,"cost":4,"dbfId":42747,"flavor":"Oneofourmoresnowballycards.","id":"ICC_078","mechanics":["FREEZE"],"name":"Avalanche","playRequirements":{"REQ_MINION_TARGET":0,"REQ_TARGET_TO_PLAY":0},"rarity":"RARE","set":"ICECROWN","text":"<b>Freeze</b>aminionanddeal$3damagetoadjacentones.","type":"SPELL"},{"artist":"LucaZontini","attack":2,"cardClass":"SHAMAN","collectible":true,"cost":3,"dbfId":42750,"flavor":"Sometimes,thebestdefenseisanoffensivetroll.","health":8,"id":"ICC_081","mechanics":["OVERLOAD","TAUNT"],"name":"DrakkariDefender","overload":3,"rarity":"COMMON","set":"ICECROWN","text":"<b>Taunt</b>\n<b>Overload:</b>(3)","type":"MINION"},{"artist":"SeanMcNally","attack":2,"cardClass":"SHAMAN","collectible":true,"cost":5,"dbfId":42762,"flavor":"TheSilverHandrecruitsshudderedinterrorwhentheysawthedreadedtotemoftheHexxer:Atinylittlesnowman,impaledwithpins.","health":7,"id":"ICC_088","mechanics":["FREEZE","TAUNT"],"name":"VoodooHexxer","rarity":"RARE","set":"ICECROWN","text":"<b>Taunt</b>\n<b>Freeze</b>anycharacterdamagedbythisminion.","type":"MINION"},{"artist":"JaeminKim","cardClass":"SHAMAN","collectible":true,"cost":2,"dbfId":42763,"flavor":"Glowfish,warfish...blowfish,morefish...","id":"ICC_089","name":"IceFishing","rarity":"COMMON","set":"ICECROWN","text":"Draw2Murlocsfromyourdeck.","type":"SPELL"},{"artist":"StevePrescott","attack":8,"cardClass":"SHAMAN","collectible":true,"cost":11,"dbfId":42765,"flavor":"Thisminiongoesallthewayto11!","health":8,"id":"ICC_090","name":"SnowfuryGiant","race":"ELEMENTAL","rarity":"EPIC","referencedTags":["OVERLOAD"],"set":"ICECROWN","text":"Costs(1)lessforeachManaCrystalyou've<b><b>Overload</b>ed</b>thisgame.","type":"MINION"},{"artist":"KonstantinTurovec","attack":1,"cardClass":"SHAMAN","collectible":true,"cost":3,"dbfId":42808,"durability":3,"flavor":"Agreatwaytoendaconversation.","id":"ICC_236","mechanics":["TRIGGER_VISUAL"],"name":"IceBreaker","rarity":"RARE","referencedTags":["FREEZE"],"set":"ICECROWN","text":"Destroyany<b>Frozen</b>miniondamagedby this.","type":"WEAPON"},{"artist":"MikeAzevedo","attack":4,"cardClass":"SHAMAN","collectible":true,"cost":6,"dbfId":43072,"elite":true,"flavor":"MostdisturbingishowMoorabicoversallthosefrozenminionswithflavoredsyrup.","health":4,"id":"ICC_289","mechanics":["TRIGGER_VISUAL"],"name":"Moorabi","rarity":"LEGENDARY","referencedTags":["FREEZE"],"set":"ICECROWN","text":"Wheneveranotherminionis<b>Frozen</b>,addacopyofittoyourhand.","type":"MINION"},{"armor":5,"artist":"JerryMascho","cardClass":"SHAMAN","collectible":true,"cost":5,"dbfId":42987,"elite":true,"flavor":"\"Donotbeafraid.Approach.Thedeadwillsleep…fornow.\"","health":30,"id":"ICC_481","mechanics":["BATTLECRY"],"name":"Thrall,Deathseer","rarity":"LEGENDARY","set":"ICECROWN","text":"<b>Battlecry:</b>Transformyourminionsintorandomonesthatcost(2)more.","type":"HERO"},{"artist":"PhilSaunders","cardClass":"SHAMAN","collectible":true,"cost":2,"dbfId":43322,"flavor":"Shamansalwayshavethefirmesthandshakes.","id":"LOOT_060","mechanics":["OVERLOAD"],"name":"CrushingHand","overload":3,"playRequirements":{"REQ_MINION_TARGET":0,"REQ_TARGET_TO_PLAY":0},"rarity":"COMMON","set":"LOOTAPALOOZA","text":"Deal$8damagetoaminion.<b><b>Overload</b>:</b>(3)","type":"SPELL"},{"artist":"DanyOrizio","attack":1,"cardClass":"SHAMAN","collectible":true,"cost":2,"dbfId":43329,"entourage":["CS2_052","CS2_050","NEW1_009","CS2_051"],"flavor":"Totrulyunderstandcandles,ittakesYEARSofquietcontemplation.","health":1,"id":"LOOT_062","mechanics":["BATTLECRY"],"name":"KoboldHermit","rarity":"COMMON","set":"LOOTAPALOOZA","text":"<b>Battlecry:</b>ChooseabasicTotem.Summonit.","type":"MINION"},{"artist":"JasonKang","cardClass":"SHAMAN","collectible":true,"collectionText":"Summon1copyofafriendlyminion.<i>(<b>Overload</b>3ManaCrystalstoupgrade.)</i>","cost":7,"dbfId":43331,"flavor":"Astoneofblue,embracedwithglee\nBymurloclordsbeneaththesea\nSoonnumberlesstheyswarmedtheshore\nFirsttwo,thenfour,thenmore...andmore...","id":"LOOT_064","name":"LesserSapphireSpellstone","playRequirements":{"REQ_FRIENDLY_TARGET":0,"REQ_MINION_TARGET":0,"REQ_TARGET_TO_PLAY":0},"rarity":"RARE","referencedTags":["OVERLOAD"],"set":"LOOTAPALOOZA","text":"Summon1copyofafriendlyminion.@<i>(<b>Overload</b>3ManaCrystalstoupgrade.)</i>","type":"SPELL"},{"artist":"IvanFomin","cardClass":"SHAMAN","collectible":true,"cost":3,"dbfId":45905,"flavor":"Allthatremainedfromthefirstkoboldcolony:asingletalismanandtheword\"Flamestrike.\"","id":"LOOT_344","name":"PrimalTalismans","playRequirements":{"REQ_MINION_TARGET":0},"rarity":"RARE","referencedTags":["DEATHRATTLE"],"set":"LOOTAPALOOZA","text":"Giveyourminions\"<b>Deathrattle:</b>SummonarandombasicTotem.\"","type":"SPELL"},{"artist":"HideakiTakamura","attack":7,"cardClass":"SHAMAN","collectible":true,"cost":6,"dbfId":45995,"elite":true,"flavor":"Thegrumblinggrewtoamightyrumbling,andoutofthecavernsthekoboldscametumbling.","health":7,"id":"LOOT_358","mechanics":["BATTLECRY"],"name":"Grumble,Worldshaker","race":"ELEMENTAL","rarity":"LEGENDARY","set":"LOOTAPALOOZA","text":"<b>Battlecry:</b>Returnyourotherminionstoyourhand.Theycost(1).","type":"MINION"},{"artist":"HideakiTakamura","cardClass":"SHAMAN","collectible":true,"cost":3,"dbfId":46067,"flavor":"It'sfilledwithelectrolytes!","id":"LOOT_373","mechanics":["ImmuneToSpellpower"],"name":"HealingRain","rarity":"COMMON","set":"LOOTAPALOOZA","text":"Restore#12Healthrandomlysplitamongallfriendlycharacters.","type":"SPELL"},{"artist":"Tooth","cardClass":"SHAMAN","collectible":true,"cost":1,"dbfId":46303,"flavor":"Theygrowupsofast.","id":"LOOT_504","name":"UnstableEvolution","playRequirements":{"REQ_FRIENDLY_TARGET":0,"REQ_MINION_TARGET":0,"REQ_TARGET_TO_PLAY":0},"rarity":"EPIC","set":"LOOTAPALOOZA","text":"Transformafriendlyminioninto\nonethatcosts(1)more.Repeatablethisturn.","type":"SPELL"},{"artist":"JakubKasper","attack":3,"cardClass":"SHAMAN","collectible":true,"cost":8,"dbfId":46305,"durability":3,"elite":true,"flavor":"Whenaskedwhattherunesdo,thetaurensmithsmiled:\"Alittleofthis,alittleofthat...\"","id":"LOOT_506","mechanics":["TRIGGER_VISUAL"],"name":"TheRunespear","rarity":"LEGENDARY","referencedTags":["DISCOVER"],"set":"LOOTAPALOOZA","text":"Afteryourheroattacks,<b>Discover</b>aspell\nandcastitwithrandomtargets.","type":"WEAPON"},{"artist":"HideakiTakamura","attack":1,"cardClass":"SHAMAN","collectible":true,"cost":2,"dbfId":46432,"flavor":"DéjàDude.","health":1,"id":"LOOT_517","mechanics":["BATTLECRY"],"name":"MurmuringElemental","race":"ELEMENTAL","rarity":"RARE","set":"LOOTAPALOOZA","text":"<b>Battlecry:</b>Yournext<b>Battlecry</b>thisturntriggers twice.","type":"MINION"},{"artist":"ArthurGimaldinov","attack":5,"cardClass":"SHAMAN","collectible":true,"cost":5,"dbfId":46440,"flavor":"Don'teverdoubtAl'Akir'sloveforbasictotems.","health":5,"id":"LOOT_518","mechanics":["BATTLECRY"],"name":"WindshearStormcaller","rarity":"EPIC","set":"LOOTAPALOOZA","text":"<b>Battlecry:</b>Ifyoucontrolall4basicTotems,summonAl'Akir the Windlord.","type":"MINION"},{"artist":"RaymondSwanland","attack":3,"cardClass":"SHAMAN","collectible":true,"cost":8,"dbfId":32,"elite":true,"flavor":"HeistheweakestofthefourElementalLords.Andtheotherthreedon'tlethimforgetit.","health":5,"id":"NEW1_010","mechanics":["CHARGE","DIVINE_SHIELD","TAUNT","WINDFURY"],"name":"Al'AkirtheWindlord","race":"ELEMENTAL","rarity":"LEGENDARY","set":"EXPERT1","text":"<b>Charge,DivineShield,Taunt,Windfury</b>","type":"MINION"},{"artist":"EvgeniyDlinnov","attack":2,"cardClass":"SHAMAN","collectible":true,"cost":1,"dbfId":41152,"faction":"HORDE","flavor":"Makesameanpuffpastry.","health":1,"id":"UNG_019","mechanics":["CANT_BE_TARGETED_BY_SPELLS","CANT_BE_TARGETED_BY_HERO_POWERS"],"name":"AirElemental","race":"ELEMENTAL","rarity":"COMMON","set":"UNGORO","text":"Can'tbetargetedbyspellsorHeroPowers.","type":"MINION"},{"artist":"GustavSchmidt","cardClass":"SHAMAN","collectible":true,"cost":5,"dbfId":41159,"flavor":"Manyyoungshamansummonavolcanoastheirfirstschoolproject.","id":"UNG_025","mechanics":["OVERLOAD","ImmuneToSpellpower"],"name":"Volcano","overload":2,"rarity":"RARE","set":"UNGORO","text":"Deal$15damagerandomlysplitamongall minions.\n<b>Overload:</b>(2)","type":"SPELL"},{"artist":"JakubKasber","attack":0,"cardClass":"SHAMAN","collectible":true,"cost":2,"dbfId":41105,"flavor":"Emitsasoundonlymurlocscanhear,whichisgoodbecauseit’sREALLYannoying.","health":3,"id":"UNG_201","mechanics":["TRIGGER_VISUAL"],"name":"PrimalfinTotem","race":"TOTEM","rarity":"RARE","set":"UNGORO","text":"Attheendofyourturn,summona1/1Murloc.","type":"MINION"},{"artist":"MikeAzevedo","attack":1,"cardClass":"SHAMAN","collectible":true,"cost":2,"dbfId":41107,"flavor":"Goodforsummoningelementals.Greatformakings'mores.","health":1,"id":"UNG_202","mechanics":["BATTLECRY"],"name":"FirePlumeHarbinger","race":"ELEMENTAL","rarity":"RARE","set":"UNGORO","text":"<b>Battlecry:</b>ReducetheCostofElementalsinyourhand by(1).","type":"MINION"},{"artist":"RudySiswanto","attack":4,"cardClass":"SHAMAN","collectible":true,"cost":7,"dbfId":41116,"flavor":"Heandhisfriendsjustwanttorockout.","health":4,"id":"UNG_208","mechanics":["BATTLECRY"],"name":"StoneSentinel","playRequirements":{"REQ_FRIENDLY_TARGET":0,"REQ_TARGET_WITH_DEATHRATTLE":0},"race":"ELEMENTAL","rarity":"EPIC","referencedTags":["TAUNT"],"set":"UNGORO","text":"<b>Battlecry:</b>IfyouplayedanElementallastturn,summontwo2/3Elementalswith<b>Taunt</b>.","type":"MINION"},{"artist":"JamesRyman","attack":7,"cardClass":"SHAMAN","collectible":true,"cost":8,"dbfId":41331,"elite":true,"flavor":"Allthat'smissingisalittleheart.","health":7,"id":"UNG_211","mechanics":["BATTLECRY"],"name":"Kalimos,PrimalLord","race":"ELEMENTAL","rarity":"LEGENDARY","set":"UNGORO","text":"[x]<b>Battlecry:</b>Ifyouplayedan\nElementallastturn,castan\nElementalInvocation.","type":"MINION"},{"artist":"MaxGrecke","cardClass":"SHAMAN","collectible":true,"cost":4,"dbfId":41521,"flavor":"Alsogoodforremovingpeskystains.","id":"UNG_817","name":"TidalSurge","playRequirements":{"REQ_MINION_TARGET":0,"REQ_TARGET_TO_PLAY":0},"rarity":"COMMON","set":"UNGORO","text":"Deal$4damagetoaminion.Restore#4Healthtoyourhero.","type":"SPELL"},{"artist":"GustavSchmidt","attack":2,"cardClass":"SHAMAN","collectible":true,"cost":3,"dbfId":41479,"flavor":"NONESHALLPASSuntilatleastanhouraftereating.","health":4,"id":"UNG_938","mechanics":["BATTLECRY","TAUNT"],"name":"HotSpringGuardian","playRequirements":{"REQ_TARGET_IF_AVAILABLE":0},"race":"ELEMENTAL","rarity":"COMMON","set":"UNGORO","targetingArrowText":"Restore3Health.","text":"<b>Taunt</b>\n<b>Battlecry:</b>Restore#3 Health.","type":"MINION"},{"artist":"StevePrescott","cardClass":"SHAMAN","collectible":true,"cost":1,"dbfId":41499,"elite":true,"flavor":"Formfeetandlegs!Formarmsandbody!Oh.Sorry.IwasthinkingaboutMechafin.","id":"UNG_942","mechanics":["QUEST"],"name":"UnitetheMurlocs","questReward":"UNG_942t","rarity":"LEGENDARY","set":"UNGORO","text":"[x]<b>Quest:</b>Summon\n10Murlocs.\n<b>Reward:</b>Megafin.","type":"SPELL"},{"artist":"HideakiTakamura","cardClass":"SHAMAN","collectible":true,"cost":3,"dbfId":41879,"flavor":"Iguessyoucansaythey’re…“soulsurvivors.”","id":"UNG_956","name":"SpiritEcho","rarity":"EPIC","referencedTags":["DEATHRATTLE"],"set":"UNGORO","text":"Giveyourminions\"<b>Deathrattle:</b>Return thistoyourhand.\"","type":"SPELL"}]