[{"artist":"J.Paick&K.Turovec","cardClass":"WARRIOR","collectible":true,"cost":2,"dbfId":47860,"flavor":"HarrisonJoneswaskickedoffthisproject.","id":"BOT_042","name":"WeaponsProject","rarity":"COMMON","set":"BOOMSDAY","text":"Eachplayerequipsa2/3Weaponand\ngains6Armor.","type":"SPELL"},{"artist":"VladimirKafanov","attack":1,"cardClass":"WARRIOR","collectible":true,"cost":1,"dbfId":48691,"flavor":"He'sallbeepsandsmilesbutyou'rejustawalkingpileofarmortohim.","health":3,"id":"BOT_059","mechanics":["TRIGGER_VISUAL"],"name":"EterniumRover","race":"MECHANICAL","rarity":"COMMON","set":"BOOMSDAY","text":"Wheneverthisminiontakesdamage,gain2 Armor.","type":"MINION"},{"artist":"StevePrescott","cardClass":"WARRIOR","collectible":true,"cost":2,"dbfId":47925,"flavor":"ThisisthehappiestmomentofGrik'slife.We'llmisshim.","id":"BOT_067","name":"RocketBoots","playRequirements":{"REQ_FRIENDLY_TARGET":0,"REQ_MINION_TARGET":0,"REQ_TARGET_TO_PLAY":0},"rarity":"COMMON","referencedTags":["RUSH"],"set":"BOOMSDAY","text":"Giveaminion<b>Rush</b>.Drawacard.","type":"SPELL"},{"artist":"ZoltanBoros","cardClass":"WARRIOR","collectible":true,"cost":9,"dbfId":47928,"elite":true,"flavor":"Dr.Boomendshismotivationalspeechesbydroppingthemechs.","id":"BOT_069","name":"TheBoomship","playRequirements":{"REQ_NUM_MINION_SLOTS":1},"rarity":"LEGENDARY","referencedTags":["RUSH"],"set":"BOOMSDAY","text":"Summon3randomminionsfromyourhand.Givethem<b>Rush</b>.","type":"SPELL"},{"artist":"MauricioHerrera","attack":3,"cardClass":"WARRIOR","collectible":true,"cost":5,"dbfId":48542,"flavor":"Starplayerontheinter-officeBoomballteam.","health":4,"id":"BOT_104","mechanics":["BATTLECRY"],"name":"Dyn-o-matic","race":"MECHANICAL","rarity":"RARE","set":"BOOMSDAY","text":"<b>Battlecry:</b>Deal5damagerandomlysplitamongallminions except Mechs.","type":"MINION"},{"artist":"AdamByrne","attack":2,"cardClass":"WARRIOR","collectible":true,"cost":6,"dbfId":48100,"flavor":"Insecuritydetected.Alertinghugbots.","health":5,"id":"BOT_218","mechanics":["TRIGGER_VISUAL"],"name":"SecurityRover","race":"MECHANICAL","rarity":"RARE","referencedTags":["TAUNT"],"set":"BOOMSDAY","text":"[x]Wheneverthisminion\ntakesdamage,summona\n2/3Mechwith<b>Taunt</b>.","type":"MINION"},{"artist":"AntonZemskov","attack":3,"cardClass":"WARRIOR","collectible":true,"cost":7,"dbfId":48142,"flavor":"WhyBeryllium?Becauseit'shardtospell.","health":8,"id":"BOT_237","mechanics":["CANT_BE_TARGETED_BY_SPELLS","CANT_BE_TARGETED_BY_HERO_POWERS","MODULAR"],"name":"BerylliumNullifier","race":"MECHANICAL","rarity":"EPIC","set":"BOOMSDAY","text":"<b>Magnetic</b>\nCan'tbetargetedbyspellsorHeroPowers.","type":"MINION"},{"armor":7,"artist":"MattDixon","cardClass":"WARRIOR","collectible":true,"cost":7,"dbfId":48146,"elite":true,"flavor":"\"OfcourseI'vegonemadwithpower.Evertrygoingmadwithoutit?\"","health":30,"id":"BOT_238","mechanics":["BATTLECRY"],"name":"Dr.Boom,MadGenius","rarity":"LEGENDARY","referencedTags":["RUSH"],"set":"BOOMSDAY","text":"<b>Battlecry:</b>Fortherestofthegame,yourMechshave<b>Rush</b>.","type":"HERO"},{"artist":"DarenBader","cardClass":"WARRIOR","collectible":true,"cost":1,"dbfId":48515,"flavor":"TheytoldDr.Boomhecouldonlypickone.Hedisagreed.","id":"BOT_299","mechanics":["DISCOVER"],"name":"OmegaAssembly","rarity":"RARE","referencedTags":["GEARS"],"set":"BOOMSDAY","text":"[x]<b>Discover</b>aMech.Ifyou\nhave10ManaCrystals,\nkeepall3cards.","type":"SPELL"},{"artist":"JasonKang","attack":1,"cardClass":"WARRIOR","collectible":true,"cost":5,"dbfId":48526,"durability":3,"flavor":"Boom'sSecondLawofMotion:\nHITITVERYHARD!","id":"BOT_406","mechanics":["FINISH_ATTACK_SPELL_ON_DAMAGE","TRIGGER_VISUAL"],"name":"Supercollider","rarity":"EPIC","set":"BOOMSDAY","text":"[x]Afteryouattackaminion,\nforceittoattackone\nofitsneighbors.","type":"WEAPON"},{"artist":"AlexHorleyOrlandelli","cardClass":"WARRIOR","collectible":true,"cost":1,"dbfId":344,"flavor":"\"Guys!Guys!Slowdown!\"-somekindofnon-warriorminion","howToEarn":"UnlockedatLevel1.","howToEarnGolden":"UnlockedatLevel23.","id":"CS2_103","name":"Charge","playRequirements":{"REQ_FRIENDLY_TARGET":0,"REQ_MINION_TARGET":0,"REQ_TARGET_TO_PLAY":0},"rarity":"FREE","referencedTags":["CHARGE"],"set":"CORE","text":"Giveafriendlyminion<b>Charge</b>.Itcan'tattackheroesthisturn.","type":"SPELL"},{"artist":"JonboyMeyers","cardClass":"WARRIOR","collectible":true,"cost":2,"dbfId":1108,"flavor":"MiniongetANGRY.MinionSMASH!","id":"CS2_104","name":"Rampage","playRequirements":{"REQ_DAMAGED_TARGET":0,"REQ_MINION_TARGET":0,"REQ_TARGET_TO_PLAY":0},"rarity":"COMMON","set":"EXPERT1","text":"Giveadamagedminion+3/+3.","type":"SPELL"},{"artist":"JonboyMeyers","cardClass":"WARRIOR","collectible":true,"cost":2,"dbfId":1007,"flavor":"Really,ifyou'reahero,thisis<i>every</i>strike.","howToEarn":"UnlockedatLevel1.","howToEarnGolden":"UnlockedatLevel15.","id":"CS2_105","name":"HeroicStrike","rarity":"FREE","set":"CORE","text":"Giveyourhero+4 Attackthisturn.","type":"SPELL"},{"artist":"LucasGraciano","attack":3,"cardClass":"WARRIOR","collectible":true,"cost":3,"dbfId":401,"durability":2,"flavor":"Duringtimesoftranquilityandharmony,thisweaponwascalledbyitslesspopularname,ChillyPeaceAxe.","howToEarn":"UnlockedatLevel1.","howToEarnGolden":"UnlockedatLevel49.","id":"CS2_106","name":"FieryWarAxe","rarity":"FREE","set":"CORE","type":"WEAPON"},{"artist":"DanyOrizio","cardClass":"WARRIOR","collectible":true,"cost":2,"dbfId":785,"flavor":"It'sokay,hedeservedit.","howToEarn":"UnlockedatLevel1.","howToEarnGolden":"UnlockedatLevel47.","id":"CS2_108","name":"Execute","playRequirements":{"REQ_DAMAGED_TARGET":0,"REQ_ENEMY_TARGET":0,"REQ_MINION_TARGET":0,"REQ_TARGET_TO_PLAY":0},"rarity":"FREE","set":"CORE","text":"Destroyadamagedenemyminion.","type":"SPELL"},{"artist":"StefanKopinski","attack":5,"cardClass":"WARRIOR","collectible":true,"cost":5,"dbfId":304,"durability":2,"flavor":"No…actuallyyoushouldfeartheReaper.","howToEarn":"UnlockedatLevel10.","howToEarnGolden":"UnlockedatLevel51.","id":"CS2_112","name":"ArcaniteReaper","rarity":"FREE","set":"CORE","type":"WEAPON"},{"artist":"PhroilanGardner","cardClass":"WARRIOR","collectible":true,"cost":2,"dbfId":940,"flavor":"Heyyoutwo…couldyoustandnexttoeachotherforasecond…","howToEarn":"UnlockedatLevel2.","howToEarnGolden":"UnlockedatLevel40.","id":"CS2_114","name":"Cleave","playRequirements":{"REQ_MINIMUM_ENEMY_MINIONS":2},"rarity":"FREE","set":"CORE","text":"[x]Deal$2damageto\ntworandomenemy\nminions.","type":"SPELL"},{"artist":"WeiWang","attack":2,"cardClass":"WARRIOR","collectible":true,"cost":3,"dbfId":1009,"flavor":"TheWarsongclanis<i>suchdrama</i>.It'sreallynotworthittobecomeacommander.","health":3,"howToEarn":"UnlockedatLevel1.","howToEarnGolden":"UnlockedatLevel36.","id":"EX1_084","mechanics":["AURA"],"name":"WarsongCommander","rarity":"FREE","referencedTags":["CHARGE"],"set":"CORE","text":"Your<b>Charge</b>minionshave+1Attack.","type":"MINION"},{"artist":"E.M.Gist","cardClass":"WARRIOR","collectible":true,"cost":2,"dbfId":1074,"flavor":"\"Dundadun,dundadun\":ifyou'veheardanogresingthis,it'stoolate.","id":"EX1_391","name":"Slam","playRequirements":{"REQ_MINION_TARGET":0,"REQ_TARGET_TO_PLAY":0},"rarity":"COMMON","set":"EXPERT1","text":"Deal$2damagetoaminion.Ifitsurvives,drawacard.","type":"SPELL"},{"artist":"AlexHorleyOrlandelli","cardClass":"WARRIOR","collectible":true,"cost":2,"dbfId":400,"flavor":"\"Youwon'tlikemewhenI'mangry.\"","id":"EX1_392","name":"BattleRage","playRequirements":{"REQ_MINION_TARGET":0},"rarity":"COMMON","set":"EXPERT1","text":"Drawacardforeachdamagedfriendlycharacter.","type":"SPELL"},{"artist":"Samwise","attack":3,"cardClass":"WARRIOR","collectible":true,"cost":4,"dbfId":538,"flavor":"50%offfistweapons,limitedtimeonly!","health":3,"id":"EX1_398","mechanics":["BATTLECRY"],"name":"ArathiWeaponsmith","rarity":"COMMON","set":"EXPERT1","text":"<b>Battlecry:</b>Equipa2/2 weapon.","type":"MINION"},{"artist":"JonboyMeyers","cardClass":"WARRIOR","collectible":true,"cost":1,"dbfId":636,"flavor":"Thewaytotellseasonedwarriorsfromnoviceones:thenovicesyell\"wheeeee\"whilewhirlwinding.","howToEarn":"UnlockedatLevel6.","howToEarnGolden":"UnlockedatLevel32.","id":"EX1_400","name":"Whirlwind","rarity":"FREE","set":"CORE","text":"Deal$1damagetoALL minions.","type":"SPELL"},{"artist":"GregHildebrandt","attack":1,"cardClass":"WARRIOR","collectible":true,"cost":2,"dbfId":596,"flavor":"Sheacceptsguildfundsforrepairs!","health":4,"id":"EX1_402","mechanics":["TRIGGER_VISUAL"],"name":"Armorsmith","rarity":"RARE","set":"EXPERT1","text":"Wheneverafriendlyminion takesdamage,gain1Armor.","type":"MINION"},{"artist":"WayneReynolds","cardClass":"WARRIOR","collectible":true,"cost":5,"dbfId":75,"flavor":"DoyouknowthefirstruleofBrawlClub?","id":"EX1_407","name":"Brawl","playRequirements":{"REQ_MINIMUM_TOTAL_MINIONS":2},"rarity":"EPIC","set":"EXPERT1","text":"Destroyallminionsexceptone.<i>(chosenrandomly)</i>","type":"SPELL"},{"artist":"Zoltan&Gabor","cardClass":"WARRIOR","collectible":true,"cost":4,"dbfId":804,"flavor":"\"Ifyouonlyuseoneability,useMortalStrike.\"-TheWarriorCode,Line6","id":"EX1_408","name":"MortalStrike","playRequirements":{"REQ_TARGET_TO_PLAY":0},"rarity":"RARE","set":"EXPERT1","text":"Deal$4damage.Ifyouhave12orlessHealth,deal$6instead.","type":"SPELL"},{"artist":"MattCavotta","cardClass":"WARRIOR","collectible":true,"cost":1,"dbfId":511,"flavor":"Easilyworth50DKP.","id":"EX1_409","name":"Upgrade!","rarity":"RARE","set":"EXPERT1","text":"Ifyouhaveaweapon,giveit+1/+1.Otherwiseequipa1/3weapon.","type":"SPELL"},{"artist":"RaymondSwanland","cardClass":"WARRIOR","collectible":true,"cost":1,"dbfId":546,"flavor":"\"Whatisabetterweapon?Thesharponeyourenemiesexpect,orthebluntonetheyignore?\"-TheArtofWarrior,Chapter9","id":"EX1_410","mechanics":["AFFECTED_BY_SPELL_POWER"],"name":"ShieldSlam","playRequirements":{"REQ_MINION_TARGET":0,"REQ_TARGET_TO_PLAY":0},"rarity":"EPIC","set":"EXPERT1","text":"Deal1damagetoaminionforeachArmoryouhave.","type":"SPELL"},{"artist":"Zoltan&Gabor","attack":7,"cardClass":"WARRIOR","collectible":true,"cost":7,"dbfId":810,"durability":1,"flavor":"GrommashHellscream'sfamousaxe.SomehowthisendedupinPrinceMalchezaar'spossession.Quitethemystery!","id":"EX1_411","name":"Gorehowl","rarity":"EPIC","set":"EXPERT1","text":"Attackingaminioncosts1Attackinsteadof1Durability.","type":"WEAPON"},{"artist":"GlennRane","attack":4,"cardClass":"WARRIOR","collectible":true,"cost":8,"dbfId":338,"elite":true,"flavor":"GrommashdrankthetaintedbloodofMannoroth,doomingtheorcstogreenskinandredeyes!Maybenothisbestdecision.","health":9,"id":"EX1_414","mechanics":["CHARGE","ENRAGED"],"name":"GrommashHellscream","rarity":"LEGENDARY","set":"EXPERT1","text":"<b>Charge</b>\nHas+6Attackwhiledamaged.","type":"MINION"},{"artist":"PhroilanGardner","attack":2,"cardClass":"WARRIOR","collectible":true,"cost":2,"dbfId":285,"flavor":"\"I'mgoingtoneedyoutocomeinonSunday.\"-CruelTaskmaster","health":2,"id":"EX1_603","mechanics":["BATTLECRY"],"name":"CruelTaskmaster","playRequirements":{"REQ_MINION_TARGET":0,"REQ_NONSELF_TARGET":0,"REQ_TARGET_IF_AVAILABLE":0},"rarity":"COMMON","set":"EXPERT1","targetingArrowText":"Deal1damageandgrant+2Attack.","text":"<b>Battlecry:</b>Deal1damagetoaminionandgiveit+2 Attack.","type":"MINION"},{"artist":"SimonBisley","attack":2,"cardClass":"WARRIOR","collectible":true,"cost":3,"dbfId":654,"flavor":"HeusedtoworkasanaccountantbeforehetriedhishandatBerserkering.","health":4,"id":"EX1_604","mechanics":["TRIGGER_VISUAL"],"name":"FrothingBerserker","rarity":"RARE","set":"EXPERT1","text":"Wheneveraminiontakesdamage,gain+1Attack.","type":"MINION"},{"artist":"MichaelKomarck","cardClass":"WARRIOR","collectible":true,"cost":3,"dbfId":1023,"flavor":"ShieldswereinventedbecauseFaceBlockisUSELESS.","howToEarn":"UnlockedatLevel8.","howToEarnGolden":"UnlockedatLevel28.","id":"EX1_606","name":"ShieldBlock","rarity":"FREE","set":"CORE","text":"Gain5Armor.\nDrawacard.","type":"SPELL"},{"artist":"SlawomirManiak","cardClass":"WARRIOR","collectible":true,"cost":0,"dbfId":22,"flavor":"They'reonlysmilingontheoutside.","id":"EX1_607","name":"InnerRage","playRequirements":{"REQ_MINION_TARGET":0,"REQ_TARGET_TO_PLAY":0},"rarity":"COMMON","set":"EXPERT1","text":"Deal$1damagetoaminionandgiveit+2 Attack.","type":"SPELL"},{"artist":"ChrisSeaman","attack":3,"cardClass":"WARRIOR","collectible":true,"cost":3,"dbfId":46650,"flavor":"\"I'msorry,son.WehadtosendOldHowleroff…toafarm…toplay…\"","health":3,"id":"GIL_113","mechanics":["RUSH"],"name":"RabidWorgen","rarity":"COMMON","set":"GILNEAS","text":"<b>Rush</b>","type":"MINION"},{"artist":"JasonKang","attack":3,"cardClass":"WARRIOR","collectible":true,"cost":7,"dbfId":46721,"elite":true,"flavor":"Theupperwindowsusedtobeforaiming.Thenwethought:\"Hey!MOREcannons!\"","health":8,"id":"GIL_152","mechanics":["CANT_ATTACK","TRIGGER_VISUAL"],"name":"BlackhowlGunspire","rarity":"LEGENDARY","set":"GILNEAS","text":"[x]Can'tattack.Whenever\nthisminiontakesdamage,\ndeal3damagetoa\nrandomenemy.","type":"MINION"},{"artist":"DaveAllsop","attack":1,"cardClass":"WARRIOR","collectible":true,"cost":2,"dbfId":46725,"flavor":"Alsocomesinothercolors,butred'sinfashionthisseason.","health":3,"id":"GIL_155","mechanics":["ENRAGED","RUSH"],"name":"RedbandWasp","race":"BEAST","rarity":"RARE","set":"GILNEAS","text":"<b>Rush</b>\nHas+3Attackwhiledamaged.","type":"MINION"},{"artist":"WayneReynolds","cardClass":"WARRIOR","collectible":true,"cost":6,"dbfId":47016,"flavor":"Ohlook.AGorehowl.","id":"GIL_537","mechanics":["AFFECTED_BY_SPELL_POWER"],"name":"DeadlyArsenal","rarity":"EPIC","set":"GILNEAS","text":"Revealaweaponfromyourdeck.DealitsAttacktoallminions.","type":"SPELL"},{"artist":"ArthurBozonnet","attack":4,"cardClass":"WARRIOR","collectible":true,"cost":5,"dbfId":47053,"elite":true,"flavor":"Youeitherdieavillain,orlivelongenoughtoseeyourselfbecomethehero.","health":4,"id":"GIL_547","mechanics":["RUSH","TRIGGER_VISUAL"],"name":"DariusCrowley","rarity":"LEGENDARY","set":"GILNEAS","text":"[x]<b>Rush</b>\nAfterthisattacksandkills\naminion,gain+2/+2.","type":"MINION"},{"artist":"ArthurGimaldinov","attack":1,"cardClass":"WARRIOR","collectible":true,"cost":1,"dbfId":47133,"flavor":"Whenhewasyounger,hewasthetowncrybaby.","health":2,"id":"GIL_580","mechanics":["BATTLECRY"],"name":"TownCrier","rarity":"EPIC","referencedTags":["RUSH"],"set":"GILNEAS","text":"<b>Battlecry:</b>Drawa<b>Rush</b>minionfromyourdeck.","type":"MINION"},{"artist":"IzzyHoover","attack":2,"cardClass":"WARRIOR","collectible":true,"cost":2,"dbfId":47511,"durability":2,"flavor":"It'salumberjack'saxeandthat'sok.","id":"GIL_653","mechanics":["DEATHRATTLE"],"name":"Woodcutter'sAxe","rarity":"COMMON","referencedTags":["RUSH"],"set":"GILNEAS","text":"<b>Deathrattle:</b>Give+2/+1toarandomfriendly<b>Rush</b>minion.","type":"WEAPON"},{"artist":"PhilSaunders","cardClass":"WARRIOR","collectible":true,"cost":2,"dbfId":47515,"flavor":"\"Left,right,left,right,there'snoneoftheenemyleft…Right?\"","id":"GIL_654","mechanics":["ECHO"],"name":"Warpath","playRequirements":{"REQ_MINION_TARGET":0},"rarity":"COMMON","set":"GILNEAS","text":"<b>Echo</b>\nDeal$1damagetoall minions.","type":"SPELL"},{"artist":"EvgeniyDlinnov","attack":2,"cardClass":"WARRIOR","collectible":true,"cost":5,"dbfId":47516,"flavor":"Treepunsarboring.","health":7,"id":"GIL_655","mechanics":["TRIGGER_VISUAL"],"name":"FesterootHulk","rarity":"RARE","set":"GILNEAS","text":"Afterafriendlyminionattacks,gain+1Attack.","type":"MINION"},{"artist":"TylerWestStudio","attack":2,"cardClass":"WARRIOR","collectible":true,"cost":4,"dbfId":47825,"flavor":"Sheonlyneedstwocommands:\"Heel\"and\"Sic'em!\"","health":5,"id":"GIL_803","mechanics":["BATTLECRY","RUSH"],"name":"MilitiaCommander","rarity":"RARE","set":"GILNEAS","text":"<b>Rush</b>\n<b>Battlecry:</b>Gain+3 Attackthisturn.","type":"MINION"},{"artist":"IanAmeling","attack":4,"cardClass":"WARRIOR","collectible":true,"cost":3,"dbfId":42698,"flavor":"Excuseme.Yourmountainisonfire.","health":3,"id":"ICC_062","mechanics":["DEATHRATTLE"],"name":"MountainfireArmor","rarity":"RARE","set":"ICECROWN","text":"<b>Deathrattle:</b>Ifit'syouropponent'sturn,\ngain6Armor.","type":"MINION"},{"artist":"JoeWilson","attack":2,"cardClass":"WARRIOR","collectible":true,"cost":4,"dbfId":42700,"durability":2,"flavor":"Forthecloseshavethatyou'vealwayswanted.Caution:Verysharp.","id":"ICC_064","mechanics":["BATTLECRY","DEATHRATTLE"],"name":"BloodRazor","rarity":"COMMON","set":"ICECROWN","text":"<b>BattlecryandDeathrattle:</b>\nDeal1damagetoall minions.","type":"WEAPON"},{"artist":"L.Lullabi&K.Turovec","cardClass":"WARRIOR","collectible":true,"cost":2,"dbfId":42766,"flavor":"Igottwopair,RagsandArmorsmiths.Whatyougot?","id":"ICC_091","name":"DeadMan'sHand","rarity":"EPIC","set":"ICECROWN","text":"Shuffleacopyofyourhandintoyourdeck.","type":"SPELL"},{"artist":"KonstantinTurovec","attack":1,"cardClass":"WARRIOR","collectible":true,"cost":1,"dbfId":42810,"flavor":"He'dbealoteasiertoanimateifhewouldjuststandstill.","health":3,"id":"ICC_238","mechanics":["TRIGGER_VISUAL"],"name":"AnimatedBerserker","rarity":"COMMON","set":"ICECROWN","text":"Afteryouplayaminion,deal1damagetoit.","type":"MINION"},{"artist":"DariaTuzova","cardClass":"WARRIOR","collectible":true,"cost":2,"dbfId":42998,"flavor":"PowerfulweaponryforgedbyBronjahm,theGodfatherofSouls.","id":"ICC_281","name":"ForgeofSouls","rarity":"COMMON","set":"ICECROWN","text":"Draw2weaponsfromyourdeck.","type":"SPELL"},{"artist":"AntonZemskov","attack":4,"cardClass":"WARRIOR","collectible":true,"cost":8,"dbfId":42630,"elite":true,"flavor":"Daddy!IthinkImadeaLegendary!","health":6,"id":"ICC_405","mechanics":["TRIGGER_VISUAL"],"name":"Rotface","rarity":"LEGENDARY","set":"ICECROWN","text":"[x]Afterthisminion\nsurvivesdamage,\nsummonarandom\n<b>Legendary</b>minion.","type":"MINION"},{"artist":"HideakiTakamura","attack":1,"cardClass":"WARRIOR","collectible":true,"cost":3,"dbfId":42671,"flavor":"MyGhoulfriendisbackandyou'regonnabeintrouble.","health":4,"id":"ICC_408","mechanics":["TRIGGER_VISUAL"],"name":"Val'kyrSoulclaimer","rarity":"RARE","set":"ICECROWN","text":"[x]Afterthisminion\nsurvivesdamage,\nsummona2/2Ghoul.","type":"MINION"},{"artist":"KonstantinTurovec","attack":3,"cardClass":"WARRIOR","collectible":true,"cost":5,"dbfId":42392,"flavor":"How'severyonedoing?Hurt?Bleeding?Wounded?...Excellent.","health":3,"id":"ICC_450","mechanics":["BATTLECRY"],"name":"DeathRevenant","rarity":"RARE","set":"ICECROWN","text":"<b>Battlecry:</b>Gain+1/+1foreachdamagedminion.","type":"MINION"},{"armor":5,"artist":"GregStaples","cardClass":"WARRIOR","collectible":true,"cost":8,"dbfId":43423,"elite":true,"flavor":"\"Youdaretochallengeme?Come!Drawyourlastbreath-andthen,youaremine.\"","health":30,"id":"ICC_834","mechanics":["BATTLECRY"],"name":"ScourgelordGarrosh","rarity":"LEGENDARY","set":"ICECROWN","text":"<b>Battlecry</b>:Equipa4/3 Shadowmournethatalsodamagesadjacentminions.","type":"HERO"},{"artist":"MikeAzevedo","cardClass":"WARRIOR","collectible":true,"cost":2,"dbfId":43505,"flavor":"Brrr,it'scoldinhere.Let'shopeshedoesn'thaveanAuctioneer!","id":"ICC_837","name":"BringItOn!","rarity":"EPIC","set":"ICECROWN","text":"Gain10Armor.ReducetheCostofminionsinyouropponent'shandby(2).","type":"SPELL"},{"artist":"MikeSass","attack":4,"cardClass":"WARRIOR","collectible":true,"cost":3,"dbfId":43269,"flavor":"Whatisbestinlife?Tomakecandle.Tokeepcandle.Tohearlamentationsofcandle-takers.","health":4,"id":"LOOT_041","mechanics":["TRIGGER_VISUAL"],"name":"KoboldBarbarian","rarity":"RARE","set":"LOOTAPALOOZA","text":"Atthestartofyourturn,attackarandomenemy.","type":"MINION"},{"artist":"LucaZontini","attack":0,"cardClass":"WARRIOR","collectible":true,"cost":2,"dbfId":43277,"durability":2,"flavor":"CAUTION:DONOTSCRATCHNOSE.","id":"LOOT_044","name":"BladedGauntlet","rarity":"EPIC","set":"LOOTAPALOOZA","text":"HasAttackequaltoyourArmor.Can'tattackheroes.","type":"WEAPON"},{"artist":"A.J.Nazzaro","cardClass":"WARRIOR","collectible":true,"cost":7,"dbfId":45519,"flavor":"Todwarvesofstonethedemoncalled\nWithpromisesofmight,enthralled\nIngraspinggreedtheyfoundtheirdoom\nForeverboundinmithriltombs.","id":"LOOT_203","name":"LesserMithrilSpellstone","rarity":"RARE","set":"LOOTAPALOOZA","text":"Summonone5/5MithrilGolem.<i>(Equipaweapontoupgrade.)</i>","type":"SPELL"},{"artist":"DanScott","cardClass":"WARRIOR","collectible":true,"cost":6,"dbfId":45775,"entourage":["LOOT_285t","LOOT_285t2","LOOT_285t3","LOOT_285t4"],"flavor":"Thekoboldstaredatthebundleforalongtime.“Ahhah!”hesaid.“It’sashield.”","id":"LOOT_285","name":"UnidentifiedShield","rarity":"COMMON","set":"LOOTAPALOOZA","text":"Gain5Armor.\nGainsabonuseffectin yourhand.","type":"SPELL"},{"artist":"ArthurGimaldinov","cardClass":"WARRIOR","collectible":true,"cost":3,"dbfId":46026,"flavor":"Look.CautiousFlurrieswillonlygetyousofarinlife.","id":"LOOT_364","name":"RecklessFlurry","rarity":"EPIC","set":"LOOTAPALOOZA","text":"SpendallyourArmor.Dealthatmuchdamagetoallminions.","type":"SPELL"},{"artist":"LucaZontini","attack":5,"cardClass":"WARRIOR","collectible":true,"cost":6,"dbfId":46027,"flavor":"Perfectlyaccessorizedtoattractadventurers.","health":9,"id":"LOOT_365","mechanics":["TAUNT"],"name":"GemstuddedGolem","rarity":"COMMON","set":"LOOTAPALOOZA","text":"<b>Taunt</b>\nCanonlyattackifyouhave5ormoreArmor.","type":"MINION"},{"artist":"JimNelson","attack":2,"cardClass":"WARRIOR","collectible":true,"cost":2,"dbfId":46031,"flavor":"Koboldsuseanythingforarmor:Pots,pans,garbagecans…evenotherkobolds.","health":2,"id":"LOOT_367","mechanics":["BATTLECRY"],"name":"DrywhiskerArmorer","rarity":"COMMON","set":"LOOTAPALOOZA","text":"<b>Battlecry:</b>Foreachenemyminion,gain2Armor.","type":"MINION"},{"artist":"L.Lullabi&K.Turovec","cardClass":"WARRIOR","collectible":true,"cost":6,"dbfId":46058,"flavor":"Thrillingadventure!Dangerguaranteed!Lootuncertain!Deathoptional!Who’swithme?","id":"LOOT_370","name":"GatherYourParty","rarity":"RARE","referencedTags":["RECRUIT"],"set":"LOOTAPALOOZA","text":"<b>Recruit</b>aminion.","type":"SPELL"},{"artist":"MatthewO'Connor","attack":3,"cardClass":"WARRIOR","collectible":true,"cost":8,"dbfId":46077,"durability":3,"elite":true,"flavor":"TurnthatfrownintoTWOfrowns!","id":"LOOT_380","mechanics":["TRIGGER_VISUAL"],"name":"Woecleaver","rarity":"LEGENDARY","referencedTags":["RECRUIT"],"set":"LOOTAPALOOZA","text":"Afteryourheroattacks,<b>Recruit</b>aminion.","type":"WEAPON"},{"artist":"MikeAzevedo","attack":4,"cardClass":"WARRIOR","collectible":true,"cost":8,"dbfId":46442,"elite":true,"flavor":"Oncecraftedagauntletoutofearwaxandpureambition.","health":8,"id":"LOOT_519","mechanics":["TRIGGER_VISUAL"],"name":"GeosculptorYip","rarity":"LEGENDARY","set":"LOOTAPALOOZA","text":"Attheendofyourturn,summonarandomminionwith Cost equal to yourArmor<i>(upto10)</i>.","type":"MINION"},{"artist":"AlexHorleyOrlandelli","attack":4,"cardClass":"WARRIOR","collectible":true,"cost":4,"dbfId":28,"flavor":"TheKor'kronaretheeliteforcesofGarroshHellscream.Let'sjustsayyoudon'twanttorunintotheseguyswhilewearingabluetabard.","health":3,"howToEarn":"UnlockedatLevel4.","howToEarnGolden":"UnlockedatLevel44.","id":"NEW1_011","mechanics":["CHARGE"],"name":"Kor'kronElite","rarity":"FREE","set":"CORE","text":"<b>Charge</b>","type":"MINION"},{"artist":"WayneReynolds","cardClass":"WARRIOR","collectible":true,"cost":2,"dbfId":1026,"flavor":"\"Shout!Shout!Letitallout!\"-Advicetowarriors-in-training","id":"NEW1_036","name":"CommandingShout","rarity":"RARE","set":"EXPERT1","text":"Yourminionscan'tbereducedbelow1Healththisturn.Drawacard.","type":"SPELL"},{"artist":"JimNelson","attack":1,"cardClass":"WARRIOR","collectible":true,"cost":7,"dbfId":41881,"flavor":"TarLord,man...legendarymonster?Aw,forgetit.","health":11,"id":"UNG_838","mechanics":["TAUNT"],"name":"TarLord","race":"ELEMENTAL","rarity":"COMMON","set":"UNGORO","text":"<b>Taunt</b>\nHas+4Attackduringyouropponent’sturn.","type":"MINION"},{"artist":"JerryMascho","cardClass":"WARRIOR","collectible":true,"cost":2,"dbfId":41400,"flavor":"ItturnsoutcardsDOgrowontrees!","id":"UNG_922","name":"ExploreUn'Goro","rarity":"EPIC","referencedTags":["DISCOVER"],"set":"UNGORO","text":"Replaceyourdeckwith copiesof\"<b>Discover</b>acard.\"","type":"SPELL"},{"artist":"PhilSaunders","cardClass":"WARRIOR","collectible":true,"cost":1,"dbfId":41401,"flavor":"Week6.Iremaincoveredheadtotoewithscales.TheydonotyetrealizethatIamnotadinosaur.","id":"UNG_923","name":"IronHide","rarity":"COMMON","set":"UNGORO","text":"Gain5Armor.","type":"SPELL"},{"artist":"LucaZontini","attack":5,"cardClass":"WARRIOR","collectible":true,"cost":6,"dbfId":41404,"flavor":"\"It'sanherbivore.Howdangerouscanitbe?\"-Famouslastwords","health":5,"id":"UNG_925","mechanics":["BATTLECRY","TAUNT"],"name":"OrneryDirehorn","race":"BEAST","rarity":"COMMON","referencedTags":["ADAPT"],"set":"UNGORO","text":"<b>Taunt</b>\n<b>Battlecry:</b><b>Adapt</b>.","type":"MINION"},{"artist":"JomaroKindred","attack":2,"cardClass":"WARRIOR","collectible":true,"cost":2,"dbfId":41406,"flavor":"TheDraeneiareseriouslyconsideringcancelling\"BringYourMurderousPettoWorkDay.\"","health":6,"id":"UNG_926","mechanics":["BATTLECRY","TAUNT"],"name":"CorneredSentry","rarity":"RARE","set":"UNGORO","text":"<b>Taunt</b>.<b>Battlecry:</b>Summonthree1/1Raptorsforyour opponent.","type":"MINION"},{"artist":"ZoltanBoros","cardClass":"WARRIOR","collectible":true,"cost":5,"dbfId":41407,"flavor":"Beinghurtcanmakeyouanotherperson.","id":"UNG_927","name":"SuddenGenesis","rarity":"EPIC","set":"UNGORO","text":"Summoncopiesofyourdamagedminions.","type":"SPELL"},{"artist":"JamesRyman","attack":1,"cardClass":"WARRIOR","collectible":true,"cost":1,"dbfId":41420,"durability":1,"flavor":"It’sasword!It’saknife!It’saswizzle-stick!","id":"UNG_929","name":"MoltenBlade","rarity":"RARE","set":"UNGORO","text":"Eachturnthisisinyourhand,transformitintoanewweapon.","type":"WEAPON"},{"artist":"JamesRyman","attack":9,"cardClass":"WARRIOR","collectible":true,"cost":9,"dbfId":41425,"elite":true,"flavor":"He'saterroratconcerts.","health":7,"id":"UNG_933","mechanics":["BATTLECRY"],"name":"KingMosh","race":"BEAST","rarity":"LEGENDARY","set":"UNGORO","text":"<b>Battlecry:</b>Destroyalldamagedminions.","type":"MINION"},{"artist":"NateBowden","cardClass":"WARRIOR","collectible":true,"cost":1,"dbfId":41427,"elite":true,"flavor":"Whydoesanactivevolcanoneedtobedefended?Tosaveitsash.","id":"UNG_934","mechanics":["QUEST"],"name":"FirePlume'sHeart","questReward":"UNG_934t1","rarity":"LEGENDARY","referencedTags":["TAUNT"],"set":"UNGORO","text":"[x]<b>Quest:</b>Play\n7<b>Taunt</b>minions.\n<b>Reward:</b>Sulfuras.","type":"SPELL"},{"artist":"PeterStapleton","attack":3,"cardClass":"WARRIOR","collectible":true,"cost":5,"dbfId":41890,"flavor":"Hismomcouldbeatupyourmom.","health":6,"id":"UNG_957","mechanics":["DEATHRATTLE","TAUNT"],"name":"DirehornHatchling","race":"BEAST","rarity":"RARE","set":"UNGORO","text":"<b>Taunt</b>\n<b>Deathrattle:</b>Shufflea6/9Direhornwith<b>Taunt</b>intoyourdeck.","type":"MINION"}]